,系统I温度 (Temperature of system I),系统II温度 (Temperature of system II),原矿参数1 (Mineral parameter 1),原矿参数2 (Mineral parameter 2),原矿参数3 (Mineral parameter 3),原矿参数4 (Mineral parameter 4),原矿质量
0,1347.49,950.4,55.26,108.03,43.29,20.92,407.39
1,1274.43,938.2,55.26,108.03,43.29,20.92,407.39
2,1273.86,938.16,55.26,108.03,43.29,20.92,407.39
3,1273.51,937.49,55.26,108.03,43.29,20.92,406.89
4,1272.84,936.67,55.26,108.03,43.29,20.92,406.89
5,1404.5,959.9,55.26,108.03,43.29,20.92,406.89
6,1406.01,960.29,55.26,108.03,43.29,20.92,383.28999999999996
7,1404.72,960.09,55.26,108.03,43.29,20.92,383.28999999999996
8,1404.77,959.65,55.26,108.03,43.29,20.92,383.28999999999996
9,1405.16,960.24,55.26,108.03,43.29,20.92,375.24
10,1405.6,960.43,55.26,108.03,43.29,20.92,375.24
11,1405.34,960.11,55.26,108.03,43.29,20.92,375.24
12,1405.87,961.04,55.26,108.03,43.29,20.92,382.86
13,1405.12,960.23,55.26,108.03,43.29,20.92,382.86
14,1404.99,960.09,55.26,108.03,43.29,20.92,382.86
15,1404.54,959.95,55.26,108.03,43.29,20.92,391.54999999999995
16,1402.95,959.22,55.26,108.03,43.29,20.92,391.54999999999995
17,1405.25,960.21,55.26,108.03,43.29,20.92,391.54999999999995
18,1404.41,960.26,55.26,108.03,43.29,20.92,395.47
19,1405.69,960.63,55.26,108.03,43.29,20.92,395.47
20,1406.27,960.69,55.26,108.03,43.29,20.92,395.47
21,1406.17,960.9,55.26,108.03,43.29,20.92,399.19
22,1405.03,960.22,55.26,108.03,43.29,20.92,399.19
23,1404.99,960.25,55.26,108.03,43.29,20.92,399.19
24,1404.85,960.18,55.28,102.38,46.13,20.1,387.02
25,1404.28,959.53,55.28,102.38,46.13,20.1,387.02
26,1405.21,960.68,55.28,102.38,46.13,20.1,387.02
27,1404.19,959.9,55.28,102.38,46.13,20.1,402.82
28,1404.5,959.97,55.28,102.38,46.13,20.1,402.82
29,1405.3,960.27,55.28,102.38,46.13,20.1,402.82
30,1404.85,960.31,55.28,102.38,46.13,20.1,393.28999999999996
31,1404.85,935.79,55.28,102.38,46.13,20.1,393.28999999999996
32,1405.12,935.81,55.28,102.38,46.13,20.1,393.28999999999996
33,1404.72,935.78,55.28,102.38,46.13,20.1,398.53999999999996
34,1404.54,935.56,55.28,102.38,46.13,20.1,398.53999999999996
35,1404.63,935.27,55.28,102.38,46.13,20.1,398.53999999999996
36,1404.85,935.87,55.28,102.38,46.13,20.1,387.98
37,1403.35,934.66,55.28,102.38,46.13,20.1,387.98
38,1403.83,935.25,55.28,102.38,46.13,20.1,387.98
39,1404.94,935.49,55.28,102.38,46.13,20.1,386.33000000000004
40,1404.85,935.44,55.28,102.38,46.13,20.1,386.33000000000004
41,1405.91,936.7,55.28,102.38,46.13,20.1,386.33000000000004
42,1404.32,935.28,55.28,102.38,46.13,20.1,398.96000000000004
43,1403.93,935.5,55.28,102.38,46.13,20.1,398.96000000000004
44,1404.85,935.82,55.28,102.38,46.13,20.1,398.96000000000004
45,1404.58,935.48,55.28,102.38,46.13,20.1,396.13
46,1405.52,936.28,55.28,102.38,46.13,20.1,396.13
47,1405.16,935.39,55.28,102.38,46.13,20.1,396.13
48,1404.58,935.63,54.04,102.21,47.94,21.3,394.56
49,1404.1,935.49,54.04,102.21,47.94,21.3,394.56
50,1404.58,935.65,54.04,102.21,47.94,21.3,394.56
51,1406.13,936.3,54.04,102.21,47.94,21.3,393.78999999999996
52,1141.14,889.94,54.04,102.21,47.94,21.3,393.78999999999996
53,1141.99,890.2,54.04,102.21,47.94,21.3,393.78999999999996
54,992.74,864.31,54.04,102.21,47.94,21.3,392.77
55,992.96,864.1,54.04,102.21,47.94,21.3,392.77
56,992.52,864.22,54.04,102.21,47.94,21.3,392.77
57,1290.92,915.76,54.04,102.21,47.94,21.3,397.15999999999997
58,1290.39,915.52,54.04,102.21,47.94,21.3,397.15999999999997
59,1290.87,916.23,54.04,102.21,47.94,21.3,397.15999999999997
60,1291.09,916.08,54.04,102.21,47.94,21.3,398.07
61,1291.63,916.2,54.04,102.21,47.94,21.3,398.07
62,1003.35,866.04,54.04,102.21,47.94,21.3,398.07
63,1003.61,866.44,54.04,102.21,47.94,21.3,410.67
64,1003.53,866.23,54.04,102.21,47.94,21.3,410.67
65,855.96,813.09,54.04,102.21,47.94,21.3,410.67
66,707.96,787.31,54.04,102.21,47.94,21.3,410.09000000000003
67,427.63,739.07,54.04,102.21,47.94,21.3,410.09000000000003
68,427.01,737.05,54.04,102.21,47.94,21.3,410.09000000000003
69,427.28,738.71,54.04,102.21,47.94,21.3,428.42999999999995
70,427.41,738.36,54.04,102.21,47.94,21.3,428.42999999999995
71,427.81,739.34,54.04,102.21,47.94,21.3,428.42999999999995
72,576.92,764.9,56.43,112.74,43.54,20.14,401.03
73,576.34,764.63,56.43,112.74,43.54,20.14,401.03
74,576.48,764.73,56.43,112.74,43.54,20.14,401.03
75,576.7,764.62,56.43,112.74,43.54,20.14,428.15999999999997
76,574.67,764.19,56.43,112.74,43.54,20.14,428.15999999999997
77,575.85,764.51,56.43,112.74,43.54,20.14,428.15999999999997
78,576.7,764.51,56.43,112.74,43.54,20.14,412.9
79,576.34,765.48,56.43,112.74,43.54,20.14,412.9
80,575.73,764.4,56.43,112.74,43.54,20.14,412.9
81,576.21,764.3,56.43,112.74,43.54,20.14,398.65999999999997
82,289.08,689.73,56.43,112.74,43.54,20.14,398.65999999999997
83,288.9,689.86,56.43,112.74,43.54,20.14,398.65999999999997
84,585.8,794.39,56.43,112.74,43.54,20.14,404.58
85,585.36,794.19,56.43,112.74,43.54,20.14,404.58
86,585.32,792.62,56.43,112.74,43.54,20.14,404.58
87,585.41,794.13,56.43,112.74,43.54,20.14,400.40999999999997
88,585.76,794.43,56.43,112.74,43.54,20.14,400.40999999999997
89,585.32,793.88,56.43,112.74,43.54,20.14,400.40999999999997
90,585.14,793.78,56.43,112.74,43.54,20.14,387.35
91,585.85,793.47,56.43,112.74,43.54,20.14,387.35
92,585.76,793.84,56.43,112.74,43.54,20.14,387.35
93,864.71,841.99,56.43,112.74,43.54,20.14,406.16
94,1160.06,893.18,56.43,112.74,43.54,20.14,406.16
95,1159.61,892.92,56.43,112.74,43.54,20.14,406.16
96,1387.97,932.56,54.89,109.21,43.6,21.64,393.04
97,1388.24,932.75,54.89,109.21,43.6,21.64,393.04
98,1390.84,934.51,54.89,109.21,43.6,21.64,393.04
99,1390.48,934.1,54.89,109.21,43.6,21.64,407.71000000000004
100,1388.59,932.93,54.89,109.21,43.6,21.64,407.71000000000004
101,1132.7,859.51,54.89,109.21,43.6,21.64,407.71000000000004
102,1132.4,859.53,54.89,109.21,43.6,21.64,401.94
103,1132.93,859.63,54.89,109.21,43.6,21.64,401.94
104,1133.1,859.76,54.89,109.21,43.6,21.64,401.94
105,1179.27,818.02,54.89,109.21,43.6,21.64,434.68
106,1179.63,818.52,54.89,109.21,43.6,21.64,434.68
107,1179.21,818.14,54.89,109.21,43.6,21.64,434.68
108,1179.98,818.74,54.89,109.21,43.6,21.64,444.35
109,1178.63,818.12,54.89,109.21,43.6,21.64,444.35
110,1179.39,818.42,54.89,109.21,43.6,21.64,444.35
111,1006.86,743.66,54.89,109.21,43.6,21.64,424.27
112,739.45,627.6,54.89,109.21,43.6,21.64,424.27
113,740.04,627.97,54.89,109.21,43.6,21.64,424.27
114,739.96,628.08,54.89,109.21,43.6,21.64,419.35
115,740.01,627.58,54.89,109.21,43.6,21.64,419.35
116,739.8,627.44,54.89,109.21,43.6,21.64,419.35
117,739.92,628.01,54.89,109.21,43.6,21.64,418.61
118,578.7,558.49,54.89,109.21,43.6,21.64,418.61
119,576.61,557.38,54.89,109.21,43.6,21.64,418.61
120,578.05,558.18,57.34,112.91,42.87,18.8,412.21
121,578.49,558.52,57.34,112.91,42.87,18.8,412.21
122,715.08,617.02,57.34,112.91,42.87,18.8,412.21
123,715.38,617.36,57.34,112.91,42.87,18.8,401.27
124,1147.31,804.53,57.34,112.91,42.87,18.8,401.27
125,1147.19,804.45,57.34,112.91,42.87,18.8,401.27
126,1146.77,804.04,57.34,112.91,42.87,18.8,402.52
127,1384.6,907.04,57.34,112.91,42.87,18.8,402.52
128,1386.07,907.78,57.34,112.91,42.87,18.8,402.52
129,1384.71,907.3,57.34,112.91,42.87,18.8,382.87
130,1385.66,907.71,57.34,112.91,42.87,18.8,382.87
131,1384.1,906.66,57.34,112.91,42.87,18.8,382.87
132,1385.74,907.87,57.34,112.91,42.87,18.8,397.07
133,1385.95,907.34,57.34,112.91,42.87,18.8,397.07
134,1386.36,908.04,57.34,112.91,42.87,18.8,397.07
135,1376.79,896.39,57.34,112.91,42.87,18.8,419.3
136,1377.23,912.6,57.34,112.91,42.87,18.8,419.3
137,1377.15,912.99,57.34,112.91,42.87,18.8,419.3
138,1376.35,912.32,57.34,112.91,42.87,18.8,395.15999999999997
139,1375.81,911.69,57.34,112.91,42.87,18.8,395.15999999999997
140,1377.19,881.88,57.34,112.91,42.87,18.8,395.15999999999997
141,1377.1,881.94,57.34,112.91,42.87,18.8,457.78
142,1376.79,881.5,57.34,112.91,42.87,18.8,457.78
143,1376.53,882.06,57.34,112.91,42.87,18.8,457.78
144,1377.01,881.77,58.81,109.09,45.89,17.47,411.46
145,1376.48,881.63,58.81,109.09,45.89,17.47,411.46
146,1376.17,881.63,58.81,109.09,45.89,17.47,411.46
147,1376.12,881.58,58.81,109.09,45.89,17.47,429.63
148,1376.17,881.84,58.81,109.09,45.89,17.47,429.63
149,1377.32,1012.3,58.81,109.09,45.89,17.47,429.63
150,1376.3,881.68,58.81,109.09,45.89,17.47,400.66999999999996
151,1376.39,881.97,58.81,109.09,45.89,17.47,400.66999999999996
152,1377.45,882.54,58.81,109.09,45.89,17.47,400.66999999999996
153,1376.3,881.68,58.81,109.09,45.89,17.47,412.85
154,1376.75,881.76,58.81,109.09,45.89,17.47,412.85
155,1377.1,882.1,58.81,109.09,45.89,17.47,412.85
156,1376.48,881.7,58.81,109.09,45.89,17.47,435.24
157,1378.2,883.5,58.81,109.09,45.89,17.47,435.24
158,1374.98,880.34,58.81,109.09,45.89,17.47,435.24
159,1376.84,882.63,58.81,109.09,45.89,17.47,406.0
160,1376.96,881.57,58.81,109.09,45.89,17.47,406.0
161,1376.53,881.81,58.81,109.09,45.89,17.47,406.0
162,1376.97,881.85,58.81,109.09,45.89,17.47,404.46000000000004
163,1377.28,881.77,58.81,109.09,45.89,17.47,404.46000000000004
164,1376.12,882.32,58.81,109.09,45.89,17.47,404.46000000000004
165,1376.53,881.81,58.81,109.09,45.89,17.47,397.27
166,1376.88,881.51,58.81,109.09,45.89,17.47,397.27
167,1376.17,881.54,58.81,109.09,45.89,17.47,397.27
168,1376.26,881.65,62.29,133.06,38.95,16.36,405.49
169,1376.04,881.56,62.29,133.06,38.95,16.36,405.49
170,1376.31,881.66,62.29,133.06,38.95,16.36,405.49
171,1376.61,881.69,62.29,133.06,38.95,16.36,412.45000000000005
172,1376.83,881.86,62.29,133.06,38.95,16.36,412.45000000000005
173,1376.21,881.74,62.29,133.06,38.95,16.36,412.45000000000005
174,1376.75,881.77,62.29,133.06,38.95,16.36,411.48
175,1376.09,881.67,62.29,133.06,38.95,16.36,411.48
176,1376.48,881.45,62.29,133.06,38.95,16.36,411.48
177,1376.53,881.78,62.29,133.06,38.95,16.36,403.1
178,1376.04,881.69,62.29,133.06,38.95,16.36,403.1
179,1376.57,881.87,62.29,133.06,38.95,16.36,403.1
180,1377.06,880.85,62.29,133.06,38.95,16.36,406.49
181,1377.1,881.75,62.29,133.06,38.95,16.36,406.49
182,1376.39,881.87,62.29,133.06,38.95,16.36,406.49
183,1376.31,881.84,62.29,133.06,38.95,16.36,407.03999999999996
184,1377.41,882.16,62.29,133.06,38.95,16.36,407.03999999999996
185,1376.88,881.92,62.29,133.06,38.95,16.36,407.03999999999996
186,1376.57,882.03,62.29,133.06,38.95,16.36,430.24
187,1376.17,881.89,62.29,133.06,38.95,16.36,430.24
188,1376.53,882.09,62.29,133.06,38.95,16.36,430.24
189,1376.21,881.85,62.29,133.06,38.95,16.36,411.62
190,1376.96,881.98,62.29,133.06,38.95,16.36,411.62
191,1376.84,881.94,62.29,133.06,38.95,16.36,411.62
192,1377.28,904.02,60.14,123.98,44.56,16.21,432.47
193,1376.12,903.56,60.14,123.98,44.56,16.21,432.47
194,1376.35,903.34,60.14,123.98,44.56,16.21,432.47
195,1376.12,903.54,60.14,123.98,44.56,16.21,423.12
196,1377.19,903.91,60.14,123.98,44.56,16.21,423.12
197,1377.67,904.19,60.14,123.98,44.56,16.21,423.12
198,1377.19,903.99,60.14,123.98,44.56,16.21,417.12
199,1375.81,903.4,60.14,123.98,44.56,16.21,417.12
200,1376.31,904.01,60.14,123.98,44.56,16.21,417.12
201,1376.48,903.39,60.14,123.98,44.56,16.21,404.65999999999997
202,1377.45,903.46,60.14,123.98,44.56,16.21,404.65999999999997
203,1376.13,903.44,60.14,123.98,44.56,16.21,404.65999999999997
204,1375.95,903.6,60.14,123.98,44.56,16.21,418.07
205,1375.68,903.53,60.14,123.98,44.56,16.21,418.07
206,1377.01,903.62,60.14,123.98,44.56,16.21,418.07
207,1378.69,904.21,60.14,123.98,44.56,16.21,416.1
208,1377.01,903.61,60.14,123.98,44.56,16.21,416.1
209,1376.57,903.81,60.14,123.98,44.56,16.21,416.1
210,1376.79,903.51,60.14,123.98,44.56,16.21,413.87
211,1375.95,902.87,60.14,123.98,44.56,16.21,413.87
212,1376.34,903.55,60.14,123.98,44.56,16.21,413.87
213,1142.21,863.13,60.14,123.98,44.56,16.21,412.52
214,1003.44,839.25,60.14,123.98,44.56,16.21,412.52
215,1003.04,838.77,60.14,123.98,44.56,16.21,412.52
216,1003.48,839.3,54.93,87.87,52.89,20.57,400.81
217,1003.3,839.08,54.93,87.87,52.89,20.57,400.81
218,1003.3,838.99,54.93,87.87,52.89,20.57,400.81
219,1002.73,838.65,54.93,87.87,52.89,20.57,412.91
220,1152.06,864.42,54.93,87.87,52.89,20.57,412.91
221,1151.18,864.5,54.93,87.87,52.89,20.57,412.91
222,1151.67,863.94,54.93,87.87,52.89,20.57,420.11
223,1152.1,864.71,54.93,87.87,52.89,20.57,420.11
224,1152.06,864.86,54.93,87.87,52.89,20.57,420.11
225,1395.7,906.96,54.93,87.87,52.89,20.57,416.14
226,1395.75,907.13,54.93,87.87,52.89,20.57,416.14
227,1395.75,907.02,54.93,87.87,52.89,20.57,416.14
228,1395.92,907.09,54.93,87.87,52.89,20.57,416.79999999999995
229,1396.32,907.12,54.93,87.87,52.89,20.57,416.79999999999995
230,1396.32,906.67,54.93,87.87,52.89,20.57,416.79999999999995
231,1395.66,907.28,54.93,87.87,52.89,20.57,423.76
232,1395.97,906.92,54.93,87.87,52.89,20.57,423.76
233,1395.48,906.95,54.93,87.87,52.89,20.57,423.76
234,1395.58,906.54,54.93,87.87,52.89,20.57,419.78999999999996
235,1388.55,833.19,54.93,87.87,52.89,20.57,419.78999999999996
236,1386.86,895.67,54.93,87.87,52.89,20.57,419.78999999999996
237,1386.69,895.51,54.93,87.87,52.89,20.57,424.87
238,1388.72,896.08,54.93,87.87,52.89,20.57,424.87
239,1387.84,895.86,56.43,98.23,50.29,19.88,424.87
240,1388.55,896.04,56.43,98.23,50.29,19.88,427.42
241,1395.7,897.03,56.43,98.23,50.29,19.88,427.42
242,1396.06,897.38,56.43,98.23,50.29,19.88,427.42
243,1394.86,897.34,56.43,98.23,50.29,19.88,418.01
244,1395.75,897.08,56.43,98.23,50.29,19.88,418.01
245,1395.53,897.15,56.43,98.23,50.29,19.88,418.01
246,862.76,799.68,56.43,98.23,50.29,19.88,428.26
247,862.98,799.82,56.43,98.23,50.29,19.88,428.26
248,862.42,799.5,56.43,98.23,50.29,19.88,428.26
249,862.01,799.5,56.43,98.23,50.29,19.88,421.11
250,862.86,770.6,56.43,98.23,50.29,19.88,421.11
251,862.86,770.44,56.43,98.23,50.29,19.88,421.11
252,862.15,770.4,56.43,98.23,50.29,19.88,416.04999999999995
253,1261.49,856.88,56.43,98.23,50.29,19.88,416.04999999999995
254,1261.0,856.84,56.43,98.23,50.29,19.88,416.04999999999995
255,1261.13,857.05,56.43,98.23,50.29,19.88,420.41999999999996
256,1261.0,856.87,56.43,98.23,50.29,19.88,420.41999999999996
257,1261.71,857.04,56.43,98.23,50.29,19.88,420.41999999999996
258,1261.35,857.1,56.43,98.23,50.29,19.88,433.26
259,1261.27,856.59,56.43,98.23,50.29,19.88,433.26
260,1262.24,857.51,56.43,98.23,50.29,19.88,433.26
261,1261.58,856.97,56.43,98.23,50.29,19.88,444.87
262,1261.0,856.83,56.43,98.23,50.29,19.88,444.87
263,1261.89,857.21,50.91,84.99,51.02,23.51,444.87
264,1261.4,856.63,50.91,84.99,51.02,23.51,434.68
265,1260.87,856.54,50.91,84.99,51.02,23.51,434.68
266,1261.39,856.9,50.91,84.99,51.02,23.51,434.68
267,1260.43,856.39,50.91,84.99,51.02,23.51,424.01
268,1261.76,856.0,50.91,84.99,51.02,23.51,424.01
269,1261.31,978.26,50.91,84.99,51.02,23.51,424.01
270,1260.82,856.53,50.91,84.99,51.02,23.51,442.38
271,1261.23,978.22,50.91,84.99,51.02,23.51,442.38
272,1308.46,813.17,50.91,84.99,51.02,23.51,442.38
273,1308.29,813.09,50.91,84.99,51.02,23.51,413.35
274,1139.79,740.16,50.91,84.99,51.02,23.51,413.35
275,1139.85,739.63,50.91,84.99,51.02,23.51,413.35
276,1139.88,739.76,50.91,84.99,51.02,23.51,429.40999999999997
277,1140.68,740.51,50.91,84.99,51.02,23.51,429.40999999999997
278,1149.39,744.0,50.91,84.99,51.02,23.51,429.40999999999997
279,1148.63,743.9,50.91,84.99,51.02,23.51,428.84999999999997
280,1149.01,744.0,50.91,84.99,51.02,23.51,428.84999999999997
281,1148.42,743.49,50.91,84.99,51.02,23.51,428.84999999999997
282,1007.36,682.73,50.91,84.99,51.02,23.51,420.87
283,1007.09,682.46,50.91,84.99,51.02,23.51,420.87
284,1007.44,682.53,50.91,84.99,51.02,23.51,420.87
285,859.48,618.7,50.91,84.99,51.02,23.51,448.5
286,859.63,618.47,50.91,84.99,51.02,23.51,448.5
287,860.13,618.98,57.88,106.2,47.1,19.63,448.5
288,859.78,618.68,57.88,106.2,47.1,19.63,445.82
289,859.89,745.42,57.88,106.2,47.1,19.63,445.82
290,860.45,745.9,57.88,106.2,47.1,19.63,445.82
291,859.6,618.45,57.88,106.2,47.1,19.63,424.27
292,1147.36,743.32,57.88,106.2,47.1,19.63,424.27
293,1147.6,743.39,57.88,106.2,47.1,19.63,424.27
294,1006.56,682.12,57.88,106.2,47.1,19.63,438.89
295,1296.62,808.13,57.88,106.2,47.1,19.63,438.89
296,1296.62,807.98,57.88,106.2,47.1,19.63,438.89
297,1001.84,680.11,57.88,106.2,47.1,19.63,449.39
298,1002.29,815.48,57.88,106.2,47.1,19.63,449.39
299,1002.26,816.12,57.88,106.2,47.1,19.63,449.39
300,1002.26,815.95,57.88,106.2,47.1,19.63,434.16999999999996
301,1299.86,867.35,57.88,106.2,47.1,19.63,434.16999999999996
302,1299.72,867.32,57.88,106.2,47.1,19.63,434.16999999999996
303,1300.07,867.65,57.88,106.2,47.1,19.63,431.49
304,1300.27,867.59,57.88,106.2,47.1,19.63,431.49
305,856.51,765.04,57.88,106.2,47.1,19.63,431.49
306,855.88,617.25,57.88,106.2,47.1,19.63,517.69
307,856.56,617.28,57.88,106.2,47.1,19.63,517.69
308,856.27,616.98,57.88,106.2,47.1,19.63,517.69
309,1011.98,684.5,57.88,106.2,47.1,19.63,434.02
310,1012.69,684.83,57.88,106.2,47.1,19.63,434.02
311,1012.75,685.09,54.08,96.61,49.03,21.09,434.02
312,1403.66,853.95,54.08,96.61,49.03,21.09,409.16999999999996
313,1404.22,854.54,54.08,96.61,49.03,21.09,409.16999999999996
314,1404.31,854.5,54.08,96.61,49.03,21.09,409.16999999999996
315,1404.52,854.29,54.08,96.61,49.03,21.09,424.49
316,1404.6,854.44,54.08,96.61,49.03,21.09,424.49
317,1403.63,854.08,54.08,96.61,49.03,21.09,424.49
318,1404.25,854.76,54.08,96.61,49.03,21.09,404.26
319,1404.84,854.78,54.08,96.61,49.03,21.09,404.26
320,1404.84,854.93,54.08,96.61,49.03,21.09,404.26
321,1404.75,854.72,54.08,96.61,49.03,21.09,397.19
322,1404.48,854.31,54.08,96.61,49.03,21.09,397.19
323,1404.37,854.55,54.08,96.61,49.03,21.09,397.19
324,1405.28,854.97,54.08,96.61,49.03,21.09,404.76
325,1404.13,854.59,54.08,96.61,49.03,21.09,404.76
326,1404.6,854.42,54.08,96.61,49.03,21.09,404.76
327,1404.63,854.49,54.08,96.61,49.03,21.09,385.28999999999996
328,1404.28,854.31,54.08,96.61,49.03,21.09,385.28999999999996
329,1404.61,854.6,54.08,96.61,49.03,21.09,385.28999999999996
330,1403.9,854.29,54.08,96.61,49.03,21.09,445.7
331,1403.96,854.23,54.08,96.61,49.03,21.09,445.7
332,1403.45,854.21,54.08,96.61,49.03,21.09,445.7
333,1405.72,854.96,54.08,96.61,49.03,21.09,392.78
334,1404.31,854.35,54.08,96.61,49.03,21.09,392.78
335,1404.57,854.78,59.92,117.44,42.21,16.88,392.78
336,1404.19,854.24,59.92,117.44,42.21,16.88,406.89
337,1403.27,853.9,59.92,117.44,42.21,16.88,406.89
338,1404.1,854.29,59.92,117.44,42.21,16.88,406.89
339,1404.19,854.53,59.92,117.44,42.21,16.88,408.14
340,1404.36,854.34,59.92,117.44,42.21,16.88,408.14
341,1405.19,854.73,59.92,117.44,42.21,16.88,408.14
342,1404.4,855.0,59.92,117.44,42.21,16.88,394.12
343,1404.4,854.65,59.92,117.44,42.21,16.88,394.12
344,1404.94,937.7,59.92,117.44,42.21,16.88,394.12
345,1405.65,888.1,59.92,117.44,42.21,16.88,396.29999999999995
346,1405.16,887.9,59.92,117.44,42.21,16.88,396.29999999999995
347,1405.3,888.03,59.92,117.44,42.21,16.88,396.29999999999995
348,1404.68,886.51,59.92,117.44,42.21,16.88,399.53
349,1406.18,887.49,59.92,117.44,42.21,16.88,399.53
350,1405.21,887.18,59.92,117.44,42.21,16.88,399.53
351,1405.21,887.99,59.92,117.44,42.21,16.88,375.65
352,1404.99,887.93,59.92,117.44,42.21,16.88,375.65
353,1404.8,887.94,59.92,117.44,42.21,16.88,375.65
354,1405.21,887.7,59.92,117.44,42.21,16.88,413.51
355,1403.93,885.66,59.92,117.44,42.21,16.88,413.51
356,1404.54,887.95,59.92,117.44,42.21,16.88,413.51
357,1405.03,887.97,59.92,117.44,42.21,16.88,402.47
358,1404.9,888.0,59.92,117.44,42.21,16.88,402.47
359,1404.72,888.0,59.8,113.2,49.51,16.56,402.47
360,1405.6,888.57,59.8,113.2,49.51,16.56,440.78
361,1404.8,887.95,59.8,113.2,49.51,16.56,440.78
362,1404.55,887.63,59.8,113.2,49.51,16.56,440.78
363,1405.51,888.55,59.8,113.2,49.51,16.56,441.37
364,1403.35,886.4,59.8,113.2,49.51,16.56,441.37
365,1404.99,888.44,59.8,113.2,49.51,16.56,441.37
366,1404.76,887.76,59.8,113.2,49.51,16.56,423.39
367,1404.19,887.57,59.8,113.2,49.51,16.56,423.39
368,1404.15,887.44,59.8,113.2,49.51,16.56,423.39
369,1405.03,888.13,59.8,113.2,49.51,16.56,426.35
370,1404.98,887.59,59.8,113.2,49.51,16.56,426.35
371,1404.68,886.65,59.8,113.2,49.51,16.56,426.35
372,1406.44,889.14,59.8,113.2,49.51,16.56,417.78
373,1404.85,888.08,59.8,113.2,49.51,16.56,417.78
374,1404.36,887.84,59.8,113.2,49.51,16.56,417.78
375,1404.77,887.7,59.8,113.2,49.51,16.56,431.69
376,1404.9,888.1,59.8,113.2,49.51,16.56,431.69
377,1404.15,887.88,59.8,113.2,49.51,16.56,431.69
378,1141.94,830.92,59.8,113.2,49.51,16.56,425.66999999999996
379,1142.74,832.25,59.8,113.2,49.51,16.56,425.66999999999996
380,1142.25,832.71,59.8,113.2,49.51,16.56,425.66999999999996
381,1403.35,886.63,59.8,113.2,49.51,16.56,409.01
382,1404.45,887.84,59.8,113.2,49.51,16.56,409.01
383,1405.38,888.08,58.53,120.67,45.41,18.65,409.01
384,1404.85,888.15,58.53,120.67,45.41,18.65,447.54999999999995
385,1404.99,887.79,58.53,120.67,45.41,18.65,447.54999999999995
386,1403.88,887.39,58.53,120.67,45.41,18.65,447.54999999999995
387,1404.68,888.58,58.53,120.67,45.41,18.65,423.13
388,1405.21,888.27,58.53,120.67,45.41,18.65,423.13
389,1405.16,887.02,58.53,120.67,45.41,18.65,423.13
390,1405.25,887.9,58.53,120.67,45.41,18.65,429.59000000000003
391,1404.9,888.05,58.53,120.67,45.41,18.65,429.59000000000003
392,1405.16,888.17,58.53,120.67,45.41,18.65,429.59000000000003
393,1404.46,887.89,58.53,120.67,45.41,18.65,441.27
394,1405.43,888.37,58.53,120.67,45.41,18.65,441.27
395,1405.51,888.22,58.53,120.67,45.41,18.65,441.27
396,1405.56,887.71,58.53,120.67,45.41,18.65,453.46999999999997
397,1406.17,886.67,58.53,120.67,45.41,18.65,453.46999999999997
398,1404.63,887.84,58.53,120.67,45.41,18.65,453.46999999999997
399,1404.81,887.81,58.53,120.67,45.41,18.65,434.25
400,1404.76,888.07,58.53,120.67,45.41,18.65,434.25
401,1405.33,888.06,58.53,120.67,45.41,18.65,434.25
402,1404.76,887.21,58.53,120.67,45.41,18.65,419.91
403,1405.12,887.83,58.53,120.67,45.41,18.65,419.91
404,1404.28,887.53,58.53,120.67,45.41,18.65,419.91
405,1404.54,887.78,58.53,120.67,45.41,18.65,432.98
406,1405.07,887.95,58.53,120.67,45.41,18.65,432.98
407,1404.5,887.91,60.0,117.7,47.94,16.76,432.98
408,1404.2,887.91,60.0,117.7,47.94,16.76,431.01
409,1404.36,887.33,60.0,117.7,47.94,16.76,431.01
410,1404.63,887.78,60.0,117.7,47.94,16.76,431.01
411,1405.38,888.05,60.0,117.7,47.94,16.76,429.03999999999996
412,1404.5,888.07,60.0,117.7,47.94,16.76,429.03999999999996
413,1405.25,888.06,60.0,117.7,47.94,16.76,429.03999999999996
414,1404.55,887.4,60.0,117.7,47.94,16.76,417.67
415,1405.33,888.04,60.0,117.7,47.94,16.76,417.67
416,1404.19,887.87,60.0,117.7,47.94,16.76,417.67
417,1405.3,888.04,60.0,117.7,47.94,16.76,418.62
418,1404.5,887.96,60.0,117.7,47.94,16.76,418.62
419,1404.15,888.08,60.0,117.7,47.94,16.76,418.62
420,1404.5,887.83,60.0,117.7,47.94,16.76,421.28999999999996
421,1405.16,887.72,60.0,117.7,47.94,16.76,421.28999999999996
422,1405.21,889.28,60.0,117.7,47.94,16.76,421.28999999999996
423,1405.38,889.33,60.0,117.7,47.94,16.76,394.81
424,1404.46,887.48,60.0,117.7,47.94,16.76,394.81
425,1404.99,887.86,60.0,117.7,47.94,16.76,394.81
426,1274.62,859.56,60.0,117.7,47.94,16.76,390.11
427,1274.79,859.99,60.0,117.7,47.94,16.76,390.11
428,1376.0,880.94,60.0,117.7,47.94,16.76,390.11
429,1013.2,802.85,60.0,117.7,47.94,16.76,371.58
430,746.23,745.38,60.0,117.7,47.94,16.76,371.58
431,745.83,745.16,63.3,132.38,44.08,15.28,371.58
432,745.38,744.73,63.3,132.38,44.08,15.28,436.15999999999997
433,746.06,745.47,63.3,132.38,44.08,15.28,436.15999999999997
434,746.54,745.75,63.3,132.38,44.08,15.28,436.15999999999997
435,878.5,773.81,63.3,132.38,44.08,15.28,420.46
436,878.06,774.17,63.3,132.38,44.08,15.28,420.46
437,879.61,774.14,63.3,132.38,44.08,15.28,420.46
438,878.98,773.83,63.3,132.38,44.08,15.28,417.90999999999997
439,879.88,774.27,63.3,132.38,44.08,15.28,417.90999999999997
440,1159.04,834.49,63.3,132.38,44.08,15.28,417.90999999999997
441,1405.16,888.01,63.3,132.38,44.08,15.28,430.37
442,1404.94,887.78,63.3,132.38,44.08,15.28,430.37
443,1405.29,887.94,63.3,132.38,44.08,15.28,430.37
444,1405.61,888.29,63.3,132.38,44.08,15.28,438.25
445,1405.26,888.17,63.3,132.38,44.08,15.28,438.25
446,1405.16,887.82,63.3,132.38,44.08,15.28,438.25
447,1406.17,888.32,63.3,132.38,44.08,15.28,413.95
448,1273.06,859.43,63.3,132.38,44.08,15.28,413.95
449,1142.03,830.74,63.3,132.38,44.08,15.28,413.95
450,1141.85,831.08,63.3,132.38,44.08,15.28,412.34000000000003
451,1141.94,830.85,63.3,132.38,44.08,15.28,412.34000000000003
452,1141.5,831.1,63.3,132.38,44.08,15.28,412.34000000000003
453,1141.37,830.94,63.3,132.38,44.08,15.28,393.34000000000003
454,1299.54,865.23,63.3,132.38,44.08,15.28,393.34000000000003
455,1300.07,865.04,57.91,101.79,50.17,18.71,393.34000000000003
456,1299.27,864.97,57.91,101.79,50.17,18.71,430.98
457,1299.67,864.97,57.91,101.79,50.17,18.71,430.98
458,1297.81,862.95,57.91,101.79,50.17,18.71,430.98
459,1299.36,865.18,57.91,101.79,50.17,18.71,413.56
460,1404.99,888.5,57.91,101.79,50.17,18.71,413.56
461,1404.77,888.0,57.91,101.79,50.17,18.71,413.56
462,1404.46,888.69,57.91,101.79,50.17,18.71,414.36
463,1405.38,888.21,57.91,101.79,50.17,18.71,414.36
464,1339.76,930.18,57.91,101.79,50.17,18.71,414.36
465,1339.76,930.53,57.91,101.79,50.17,18.71,415.99
466,1340.2,930.86,57.91,101.79,50.17,18.71,415.99
467,1339.89,930.5,57.91,101.79,50.17,18.71,415.99
468,1339.58,930.39,57.91,101.79,50.17,18.71,416.04999999999995
469,1339.71,931.11,57.91,101.79,50.17,18.71,416.04999999999995
470,1340.06,931.55,57.91,101.79,50.17,18.71,416.04999999999995
471,1339.18,931.08,57.91,101.79,50.17,18.71,419.13
472,1338.65,931.28,57.91,101.79,50.17,18.71,419.13
473,1339.66,931.3,57.91,101.79,50.17,18.71,419.13
474,1339.49,854.57,57.91,101.79,50.17,18.71,432.08000000000004
475,1404.01,863.9,57.91,101.79,50.17,18.71,432.08000000000004
476,1402.91,863.23,57.91,101.79,50.17,18.71,432.08000000000004
477,1404.1,863.06,57.91,101.79,50.17,18.71,416.08
478,1395.66,905.11,57.91,101.79,50.17,18.71,416.08
479,1396.42,905.38,55.92,106.07,47.7,20.4,416.08
480,1397.6,905.52,55.92,106.07,47.7,20.4,452.08000000000004
481,1395.84,905.0,55.92,106.07,47.7,20.4,452.08000000000004
482,1395.39,905.05,55.92,106.07,47.7,20.4,452.08000000000004
483,1395.26,905.21,55.92,106.07,47.7,20.4,433.76
484,1395.09,904.96,55.92,106.07,47.7,20.4,433.76
485,1395.88,905.11,55.92,106.07,47.7,20.4,433.76
486,1396.15,905.26,55.92,106.07,47.7,20.4,427.95000000000005
487,1395.7,904.85,55.92,106.07,47.7,20.4,427.95000000000005
488,1394.56,903.85,55.92,106.07,47.7,20.4,427.95000000000005
489,1395.53,905.09,55.92,106.07,47.7,20.4,434.22
490,1395.53,905.25,55.92,106.07,47.7,20.4,434.22
491,1395.35,905.0,55.92,106.07,47.7,20.4,434.22
492,1396.76,905.83,55.92,106.07,47.7,20.4,428.67
493,1395.97,905.46,55.92,106.07,47.7,20.4,428.67
494,1395.66,905.12,55.92,106.07,47.7,20.4,428.67
495,1397.43,905.86,55.92,106.07,47.7,20.4,442.31000000000006
496,1395.13,905.29,55.92,106.07,47.7,20.4,442.31000000000006
497,1395.35,854.85,55.92,106.07,47.7,20.4,442.31000000000006
498,1395.89,905.23,55.92,106.07,47.7,20.4,436.26
499,1395.13,905.11,55.92,106.07,47.7,20.4,436.26
500,1396.54,906.35,55.92,106.07,47.7,20.4,436.26
501,1395.93,905.05,55.92,106.07,47.7,20.4,439.95
502,1395.31,905.18,55.92,106.07,47.7,20.4,439.95
503,1395.04,905.06,54.09,101.96,48.73,22.89,439.95
504,1396.11,905.19,54.09,101.96,48.73,22.89,445.18
505,1396.15,905.1,54.09,101.96,48.73,22.89,445.18
506,1395.61,905.11,54.09,101.96,48.73,22.89,445.18
507,1394.15,904.5,54.09,101.96,48.73,22.89,430.0
508,1396.81,906.31,54.09,101.96,48.73,22.89,430.0
509,1396.41,905.38,54.09,101.96,48.73,22.89,430.0
510,1395.31,904.85,54.09,101.96,48.73,22.89,426.52
511,1396.06,905.41,54.09,101.96,48.73,22.89,426.52
512,1394.5,880.19,54.09,101.96,48.73,22.89,426.52
513,1393.2,879.45,54.09,101.96,48.73,22.89,428.05
514,1393.91,879.72,54.09,101.96,48.73,22.89,428.05
515,1393.58,879.42,54.09,101.96,48.73,22.89,428.05
516,1394.09,879.7,54.09,101.96,48.73,22.89,405.33
517,1395.53,885.69,54.09,101.96,48.73,22.89,405.33
518,1395.92,885.79,54.09,101.96,48.73,22.89,405.33
519,1395.75,885.87,54.09,101.96,48.73,22.89,389.98
520,1395.53,885.75,54.09,101.96,48.73,22.89,389.98
521,1397.34,887.38,54.09,101.96,48.73,22.89,389.98
522,1396.76,887.27,54.09,101.96,48.73,22.89,431.97
523,1395.0,885.72,54.09,101.96,48.73,22.89,431.97
524,1395.7,885.85,54.09,101.96,48.73,22.89,431.97
525,1395.44,886.55,54.09,101.96,48.73,22.89,424.98
526,1149.32,832.42,54.09,101.96,48.73,22.89,424.98
527,1149.81,832.76,61.6,125.34,43.05,16.66,424.98
528,1149.41,832.2,61.6,125.34,43.05,16.66,401.03
529,1149.45,832.15,61.6,125.34,43.05,16.66,401.03
530,1150.03,832.85,61.6,125.34,43.05,16.66,401.03
531,1149.67,832.51,61.6,125.34,43.05,16.66,395.77
532,1148.97,831.66,61.6,125.34,43.05,16.66,395.77
533,1149.86,832.51,61.6,125.34,43.05,16.66,395.77
534,1149.98,832.82,61.6,125.34,43.05,16.66,404.29999999999995
535,1149.81,832.59,61.6,125.34,43.05,16.66,404.29999999999995
536,1150.17,832.72,61.6,125.34,43.05,16.66,404.29999999999995
537,1149.46,832.62,61.6,125.34,43.05,16.66,390.42999999999995
538,1149.63,832.52,61.6,125.34,43.05,16.66,390.42999999999995
539,1149.54,832.33,61.6,125.34,43.05,16.66,390.42999999999995
540,1404.76,888.13,61.6,125.34,43.05,16.66,402.21000000000004
541,1405.34,1019.67,61.6,125.34,43.05,16.66,402.21000000000004
542,1404.77,888.68,61.6,125.34,43.05,16.66,402.21000000000004
543,1405.03,887.68,61.6,125.34,43.05,16.66,416.39
544,1404.9,888.02,61.6,125.34,43.05,16.66,416.39
545,1405.86,889.39,61.6,125.34,43.05,16.66,416.39
546,1273.33,859.13,61.6,125.34,43.05,16.66,422.2
547,1274.65,860.75,61.6,125.34,43.05,16.66,422.2
548,1273.24,859.55,61.6,125.34,43.05,16.66,422.2
549,1395.75,885.89,61.6,125.34,43.05,16.66,412.69
550,1395.53,885.94,61.6,125.34,43.05,16.66,412.69
551,1395.97,886.1,59.72,114.9,45.1,16.44,412.69
552,1396.19,886.29,59.72,114.9,45.1,16.44,436.38
553,1395.97,885.96,59.72,114.9,45.1,16.44,436.38
554,1396.19,887.48,59.72,114.9,45.1,16.44,436.38
555,1394.9,885.62,59.72,114.9,45.1,16.44,414.98
556,1395.26,885.99,59.72,114.9,45.1,16.44,414.98
557,1396.45,1017.32,59.72,114.9,45.1,16.44,414.98
558,1395.31,885.8,59.72,114.9,45.1,16.44,421.33
559,1395.35,885.98,59.72,114.9,45.1,16.44,421.33
560,1395.26,885.85,59.72,114.9,45.1,16.44,421.33
561,1141.89,830.85,59.72,114.9,45.1,16.44,419.89
562,1141.99,830.95,59.72,114.9,45.1,16.44,419.89
563,864.57,770.81,59.72,114.9,45.1,16.44,419.89
564,865.42,771.19,59.72,114.9,45.1,16.44,423.76
565,1159.4,834.76,59.72,114.9,45.1,16.44,423.76
566,1159.53,834.85,59.72,114.9,45.1,16.44,423.76
567,1159.0,834.47,59.72,114.9,45.1,16.44,432.83000000000004
568,1404.73,887.9,59.72,114.9,45.1,16.44,432.83000000000004
569,1404.54,888.38,59.72,114.9,45.1,16.44,432.83000000000004
570,1405.11,887.2,59.72,114.9,45.1,16.44,435.85
571,1160.19,835.46,59.72,114.9,45.1,16.44,435.85
572,1159.31,949.09,59.72,114.9,45.1,16.44,435.85
573,1160.67,835.02,59.72,114.9,45.1,16.44,413.73
574,1159.22,834.5,59.72,114.9,45.1,16.44,413.73
575,1158.56,833.25,58.12,107.43,49.27,17.58,413.73
576,1159.13,835.18,58.12,107.43,49.27,17.58,442.89
577,1160.37,835.61,58.12,107.43,49.27,17.58,442.89
578,1160.24,834.77,58.12,107.43,49.27,17.58,442.89
579,1159.66,834.73,58.12,107.43,49.27,17.58,430.65999999999997
580,1159.71,834.91,58.12,107.43,49.27,17.58,430.65999999999997
581,1160.02,834.94,58.12,107.43,49.27,17.58,430.65999999999997
582,1159.4,834.69,58.12,107.43,49.27,17.58,438.87
583,1159.44,834.9,58.12,107.43,49.27,17.58,438.87
584,1159.66,834.97,58.12,107.43,49.27,17.58,438.87
585,1159.18,834.4,58.12,107.43,49.27,17.58,433.31
586,1159.57,834.93,58.12,107.43,49.27,17.58,433.31
587,599.54,713.33,58.12,107.43,49.27,17.58,433.31
588,599.46,714.52,58.12,107.43,49.27,17.58,425.72
589,599.63,682.85,58.12,107.43,49.27,17.58,425.72
590,600.21,718.07,58.12,107.43,49.27,17.58,425.72
591,871.69,806.47,58.12,107.43,49.27,17.58,437.71999999999997
592,1142.21,854.41,58.12,107.43,49.27,17.58,437.71999999999997
593,1142.2,854.36,58.12,107.43,49.27,17.58,437.71999999999997
594,1141.5,854.36,58.12,107.43,49.27,17.58,427.36
595,1003.17,830.19,58.12,107.43,49.27,17.58,427.36
596,1003.7,830.35,58.12,107.43,49.27,17.58,427.36
597,1003.65,830.82,58.12,107.43,49.27,17.58,417.04
598,1003.79,830.86,58.12,107.43,49.27,17.58,417.04
599,1149.94,856.11,56.74,109.3,47.4,19.98,417.04
600,1149.23,855.87,56.74,109.3,47.4,19.98,421.82000000000005
601,1010.9,831.51,56.74,109.3,47.4,19.98,421.82000000000005
602,724.22,781.67,56.74,109.3,47.4,19.98,421.82000000000005
603,724.57,782.27,56.74,109.3,47.4,19.98,433.07
604,723.16,781.82,56.74,109.3,47.4,19.98,433.07
605,724.53,781.97,56.74,109.3,47.4,19.98,433.07
606,724.0,781.82,56.74,109.3,47.4,19.98,438.97
607,1290.3,880.2,56.74,109.3,47.4,19.98,438.97
608,1404.58,899.86,56.74,109.3,47.4,19.98,438.97
609,1405.33,900.17,56.74,109.3,47.4,19.98,423.51
610,1405.16,899.99,56.74,109.3,47.4,19.98,423.51
611,1404.36,899.83,56.74,109.3,47.4,19.98,423.51
612,1404.85,899.98,56.74,109.3,47.4,19.98,431.36
613,1405.52,900.12,56.74,109.3,47.4,19.98,431.36
614,1405.43,900.71,56.74,109.3,47.4,19.98,431.36
615,1404.81,899.92,56.74,109.3,47.4,19.98,414.96
616,1404.54,899.61,56.74,109.3,47.4,19.98,414.96
617,1003.22,842.69,56.74,109.3,47.4,19.98,414.96
618,1002.73,843.0,56.74,109.3,47.4,19.98,411.7
619,750.11,799.3,56.74,109.3,47.4,19.98,411.7
620,750.29,799.08,56.74,109.3,47.4,19.98,411.7
621,750.56,799.17,56.74,109.3,47.4,19.98,417.28
622,749.63,798.8,56.74,109.3,47.4,19.98,417.28
623,750.38,799.03,54.69,103.57,49.33,22.19,417.28
624,749.63,875.94,54.69,103.57,49.33,22.19,427.13
625,749.81,798.63,54.69,103.57,49.33,22.19,427.13
626,750.87,799.08,54.69,103.57,49.33,22.19,427.13
627,750.51,799.01,54.69,103.57,49.33,22.19,414.22
628,750.86,799.37,54.69,103.57,49.33,22.19,414.22
629,592.96,728.53,54.69,103.57,49.33,22.19,414.22
630,592.43,728.55,54.69,103.57,49.33,22.19,417.46000000000004
631,720.59,796.52,54.69,103.57,49.33,22.19,417.46000000000004
632,1002.51,844.15,54.69,103.57,49.33,22.19,417.46000000000004
633,1002.59,844.51,54.69,103.57,49.33,22.19,418.88
634,1002.64,844.41,54.69,103.57,49.33,22.19,418.88
635,1008.04,933.6,54.69,103.57,49.33,22.19,418.88
636,1292.55,995.3,54.69,103.57,49.33,22.19,424.89
637,1292.82,995.02,54.69,103.57,49.33,22.19,424.89
638,,953.42,54.69,103.57,49.33,22.19,424.89
639,1292.82,995.62,54.69,103.57,49.33,22.19,431.97
640,1293.09,995.56,54.69,103.57,49.33,22.19,431.97
641,1292.82,995.25,54.69,103.57,49.33,22.19,431.97
642,1292.47,994.96,54.69,103.57,49.33,22.19,426.33
643,1293.09,995.36,54.69,103.57,49.33,22.19,426.33
644,1348.15,971.54,55.67,101.37,47.1,20.87,426.33
645,1013.12,866.34,55.67,101.37,47.1,20.87,441.5
646,576.57,700.14,55.67,101.37,47.1,20.87,441.5
647,576.17,700.5,55.67,101.37,47.1,20.87,441.5
648,576.22,700.0,55.67,101.37,47.1,20.87,443.79
649,576.65,700.05,55.67,101.37,47.1,20.87,443.79
650,576.83,699.98,55.67,101.37,47.1,20.87,443.79
651,576.43,699.92,55.67,101.37,47.1,20.87,461.9
652,575.64,700.11,55.67,101.37,47.1,20.87,461.9
653,576.3,700.11,55.67,101.37,47.1,20.87,461.9
654,716.7,825.24,55.67,101.37,47.1,20.87,409.39
655,717.1,825.38,55.67,101.37,47.1,20.87,409.39
656,575.99,692.57,55.67,101.37,47.1,20.87,409.39
657,575.95,692.49,55.67,101.37,47.1,20.87,418.03999999999996
658,575.99,692.3,55.67,101.37,47.1,20.87,418.03999999999996
659,609.32,698.75,55.6,100.64,49.21,20.38,418.03999999999996
660,609.18,698.6,55.6,100.64,49.21,20.38,418.24
661,608.83,698.36,55.6,100.64,49.21,20.38,418.24
662,610.06,698.56,55.6,100.64,49.21,20.38,418.24
663,609.71,698.7,55.6,100.64,49.21,20.38,439.44
664,609.32,698.57,55.6,100.64,49.21,20.38,439.44
665,610.06,698.67,55.6,100.64,49.21,20.38,439.44
666,855.56,940.0,55.6,100.64,49.21,20.38,431.64
667,1142.3,990.7,55.6,100.64,49.21,20.38,431.64
668,1141.32,990.46,55.6,100.64,49.21,20.38,431.64
669,1141.72,990.37,55.6,100.64,49.21,20.38,435.1
670,1141.46,990.58,55.6,100.64,49.21,20.38,435.1
671,1142.12,990.88,55.6,100.64,49.21,20.38,435.1
672,1141.67,990.42,55.6,100.64,49.21,20.38,403.46000000000004
673,1273.73,1047.32,55.6,100.64,49.21,20.38,403.46000000000004
674,1323.75,1055.87,55.6,100.64,49.21,20.38,403.46000000000004
675,1405.16,1070.68,55.6,100.64,49.21,20.38,398.82
676,1143.13,1155.87,55.6,100.64,49.21,20.38,398.82
677,1009.4,1136.09,55.6,100.64,49.21,20.38,398.82
678,1037.55,1101.71,55.6,100.64,49.21,20.38,396.57000000000005
679,862.9,1070.21,55.6,100.64,49.21,20.38,396.57000000000005
680,861.89,1096.37,55.6,100.64,49.21,20.38,396.57000000000005
681,733.15,1015.17,55.6,100.64,49.21,20.38,382.74
682,733.41,1015.9,55.6,100.64,49.21,20.38,382.74
683,1003.22,1137.46,55.84,112.35,47.7,20.43,382.74
684,1003.88,1139.14,55.84,112.35,47.7,20.43,403.62
685,1003.34,1142.47,55.84,112.35,47.7,20.43,403.62
686,1004.01,1140.26,55.84,112.35,47.7,20.43,403.62
687,1003.75,1137.38,55.84,112.35,47.7,20.43,421.84000000000003
688,1003.79,1134.4,55.84,112.35,47.7,20.43,421.84000000000003
689,1002.95,1058.38,55.84,112.35,47.7,20.43,421.84000000000003
690,1003.83,1140.24,55.84,112.35,47.7,20.43,404.15999999999997
691,1002.9,1135.24,55.84,112.35,47.7,20.43,404.15999999999997
692,1003.48,1134.39,55.84,112.35,47.7,20.43,404.15999999999997
693,1003.39,1139.21,55.84,112.35,47.7,20.43,412.91
694,1003.65,1142.68,55.84,112.35,47.7,20.43,412.91
695,1003.48,1140.49,55.84,112.35,47.7,20.43,412.91
696,1003.39,1142.38,55.84,112.35,47.7,20.43,417.49
697,1299.8,1194.69,55.84,112.35,47.7,20.43,417.49
698,1297.68,1192.11,55.84,112.35,47.7,20.43,417.49
699,1298.39,1191.6,55.84,112.35,47.7,20.43,390.54999999999995
700,1010.38,976.03,55.84,112.35,47.7,20.43,390.54999999999995
701,848.27,832.34,55.84,112.35,47.7,20.43,390.54999999999995
702,848.13,832.05,55.84,112.35,47.7,20.43,402.0
703,848.76,833.04,55.84,112.35,47.7,20.43,402.0
704,848.81,832.51,55.84,112.35,47.7,20.43,402.0
705,754.31,815.91,55.84,112.35,47.7,20.43,369.04999999999995
706,585.45,787.03,55.84,112.35,47.7,20.43,369.04999999999995
707,585.98,787.04,58.39,117.32,48.48,17.88,369.04999999999995
708,585.67,786.9,58.39,117.32,48.48,17.88,409.22
709,767.62,937.17,58.39,117.32,48.48,17.88,409.22
710,1142.2,1001.35,58.39,117.32,48.48,17.88,409.22
711,1141.72,1001.17,58.39,117.32,48.48,17.88,407.90999999999997
712,1141.46,1001.03,58.39,117.32,48.48,17.88,407.90999999999997
713,1141.67,1001.09,58.39,117.32,48.48,17.88,407.90999999999997
714,1347.14,1036.56,58.39,117.32,48.48,17.88,409.58000000000004
715,1347.44,1036.94,58.39,117.32,48.48,17.88,409.58000000000004
716,1348.28,1036.8,58.39,117.32,48.48,17.88,409.58000000000004
717,1348.69,1036.97,58.39,117.32,48.48,17.88,404.31
718,1348.6,1037.21,58.39,117.32,48.48,17.88,404.31
719,1348.33,1036.79,58.39,117.32,48.48,17.88,404.31
720,1348.19,1036.56,58.39,117.32,48.48,17.88,409.09
721,1348.33,1035.57,58.39,117.32,48.48,17.88,409.09
722,1347.89,1036.88,58.39,117.32,48.48,17.88,409.09
723,1348.23,1037.04,58.39,117.32,48.48,17.88,412.19
724,1348.11,1036.49,58.39,117.32,48.48,17.88,412.19
725,1348.5,1036.91,58.39,117.32,48.48,17.88,412.19
726,1347.93,1036.91,58.39,117.32,48.48,17.88,418.86
727,1347.8,1036.83,58.39,117.32,48.48,17.88,418.86
728,1348.6,1037.21,58.39,117.32,48.48,17.88,418.86
729,1347.18,1036.1,58.39,117.32,48.48,17.88,426.91999999999996
730,1348.72,1037.01,58.39,117.32,48.48,17.88,426.91999999999996
731,1347.09,1035.94,58.12,110.15,49.03,18.01,426.91999999999996
732,1347.62,1036.76,58.12,110.15,49.03,18.01,428.57000000000005
733,1347.97,1036.85,58.12,110.15,49.03,18.01,428.57000000000005
734,1348.64,1036.83,58.12,110.15,49.03,18.01,428.57000000000005
735,1348.64,1036.82,58.12,110.15,49.03,18.01,425.11
736,1348.68,1037.09,58.12,110.15,49.03,18.01,425.11
737,1168.06,1005.76,58.12,110.15,49.03,18.01,425.11
738,1168.68,1005.54,58.12,110.15,49.03,18.01,437.57000000000005
739,1165.13,898.46,58.12,110.15,49.03,18.01,437.57000000000005
740,1165.19,1002.79,58.12,110.15,49.03,18.01,437.57000000000005
741,854.92,948.77,58.12,110.15,49.03,18.01,428.66999999999996
742,714.32,816.29,58.12,110.15,49.03,18.01,428.66999999999996
743,715.23,816.62,58.12,110.15,49.03,18.01,428.66999999999996
744,441.61,694.51,58.12,110.15,49.03,18.01,426.49
745,442.35,669.47,58.12,110.15,49.03,18.01,426.49
746,441.88,669.15,58.12,110.15,49.03,18.01,426.49
747,572.01,791.86,58.12,110.15,49.03,18.01,428.93
748,571.6,792.45,58.12,110.15,49.03,18.01,428.93
749,571.86,792.0,58.12,110.15,49.03,18.01,428.93
750,571.75,792.01,58.12,110.15,49.03,18.01,407.37
751,572.1,791.83,58.12,110.15,49.03,18.01,407.37
752,571.57,792.0,58.12,110.15,49.03,18.01,407.37
753,571.6,791.89,58.12,110.15,49.03,18.01,399.67
754,571.46,790.97,58.12,110.15,49.03,18.01,399.67
755,570.74,790.71,57.83,107.77,50.05,17.65,399.67
756,571.42,691.01,57.83,107.77,50.05,17.65,408.52
757,437.02,570.98,57.83,107.77,50.05,17.65,408.52
758,437.19,570.93,57.83,107.77,50.05,17.65,408.52
759,437.52,571.07,57.83,107.77,50.05,17.65,403.23
760,437.72,570.81,57.83,107.77,50.05,17.65,403.23
761,435.89,570.57,57.83,107.77,50.05,17.65,403.23
762,437.37,571.7,57.83,107.77,50.05,17.65,397.77
763,436.66,571.21,57.83,107.77,50.05,17.65,397.77
764,436.98,571.01,57.83,107.77,50.05,17.65,397.77
765,436.37,570.92,57.83,107.77,50.05,17.65,422.59000000000003
766,437.04,570.97,57.83,107.77,50.05,17.65,422.59000000000003
767,437.63,571.22,57.83,107.77,50.05,17.65,422.59000000000003
768,,431.18,57.83,107.77,50.05,17.65,427.75
769,1001.08,779.59,57.83,107.77,50.05,17.65,427.75
770,289.79,455.62,57.83,107.77,50.05,17.65,427.75
771,288.82,455.56,57.83,107.77,50.05,17.65,402.68
772,584.3,794.14,57.83,107.77,50.05,17.65,402.68
773,583.51,793.51,54.44,105.14,50.9,20.63,402.68
774,583.24,868.0,54.44,105.14,50.9,20.63,415.53
775,583.77,868.87,54.44,105.14,50.9,20.63,415.53
776,289.67,642.93,54.44,105.14,50.9,20.63,415.53
777,289.2,642.86,54.44,105.14,50.9,20.63,409.21
778,,615.42,54.44,105.14,50.9,20.63,409.21
779,,615.83,54.44,105.14,50.9,20.63,409.21
780,437.58,676.07,54.44,105.14,50.9,20.63,391.78999999999996
781,861.72,846.92,54.44,105.14,50.9,20.63,391.78999999999996
782,860.57,847.03,54.44,105.14,50.9,20.63,391.78999999999996
783,862.07,847.71,54.44,105.14,50.9,20.63,436.77
784,861.4,847.29,54.44,105.14,50.9,20.63,436.77
785,861.81,847.55,54.44,105.14,50.9,20.63,436.77
786,862.16,847.55,54.44,105.14,50.9,20.63,433.71999999999997
787,861.75,847.62,54.44,105.14,50.9,20.63,433.71999999999997
788,861.75,847.27,54.44,105.14,50.9,20.63,433.71999999999997
789,862.04,847.74,54.44,105.14,50.9,20.63,437.12
790,719.33,719.89,54.44,105.14,50.9,20.63,437.12
791,719.83,720.1,54.44,105.14,50.9,20.63,437.12
792,720.01,719.91,54.44,105.14,50.9,20.63,435.03
793,719.15,720.21,54.44,105.14,50.9,20.63,435.03
794,719.6,720.33,54.44,105.14,50.9,20.63,435.03
795,593.11,697.63,54.44,105.14,50.9,20.63,420.71000000000004
796,592.73,698.1,54.44,105.14,50.9,20.63,420.71000000000004
797,593.23,698.07,60.6,123.72,43.29,17.91,420.71000000000004
798,593.17,697.98,60.6,123.72,43.29,17.91,424.5
799,356.73,557.07,60.6,123.72,43.29,17.91,424.5
800,356.58,556.98,60.6,123.72,43.29,17.91,424.5
801,356.82,557.47,60.6,123.72,43.29,17.91,423.05
802,,406.33,60.6,123.72,43.29,17.91,423.05
803,,284.76,60.6,123.72,43.29,17.91,423.05
804,,284.24,60.6,123.72,43.29,17.91,428.42999999999995
805,,284.2,60.6,123.72,43.29,17.91,428.42999999999995
806,598.27,622.03,60.6,123.72,43.29,17.91,428.42999999999995
807,597.61,621.95,60.6,123.72,43.29,17.91,428.53000000000003
808,598.09,621.84,60.6,123.72,43.29,17.91,428.53000000000003
809,598.24,621.68,60.6,123.72,43.29,17.91,428.53000000000003
810,597.97,621.66,60.6,123.72,43.29,17.91,413.40999999999997
811,597.86,621.52,60.6,123.72,43.29,17.91,413.40999999999997
812,598.29,622.0,60.6,123.72,43.29,17.91,413.40999999999997
813,597.88,621.86,60.6,123.72,43.29,17.91,460.40999999999997
814,598.47,621.92,60.6,123.72,43.29,17.91,460.40999999999997
815,598.35,621.78,60.6,123.72,43.29,17.91,460.40999999999997
816,437.9,681.69,60.6,123.72,43.29,17.91,415.03
817,437.66,681.58,60.6,123.72,43.29,17.91,415.03
818,436.9,681.54,60.6,123.72,43.29,17.91,415.03
819,311.48,551.92,60.6,123.72,43.29,17.91,436.05
820,,515.54,60.6,123.72,43.29,17.91,436.05
821,,515.38,57.17,114.14,45.35,18.57,436.05
822,,515.53,57.17,114.14,45.35,18.57,435.28000000000003
823,299.22,549.75,57.17,114.14,45.35,18.57,435.28000000000003
824,299.04,549.55,57.17,114.14,45.35,18.57,435.28000000000003
825,298.86,649.36,57.17,114.14,45.35,18.57,432.75
826,452.98,851.04,57.17,114.14,45.35,18.57,432.75
827,718.77,893.37,57.17,114.14,45.35,18.57,432.75
828,719.53,895.43,57.17,114.14,45.35,18.57,436.05
829,1012.6,945.97,57.17,114.14,45.35,18.57,436.05
830,869.08,841.59,57.17,114.14,45.35,18.57,436.05
831,446.24,655.53,57.17,114.14,45.35,18.57,435.34
832,,507.55,57.17,114.14,45.35,18.57,435.34
833,,507.4,57.17,114.14,45.35,18.57,435.34
834,,507.9,57.17,114.14,45.35,18.57,409.12
835,,507.09,57.17,114.14,45.35,18.57,409.12
836,,507.54,57.17,114.14,45.35,18.57,409.12
837,,507.03,57.17,114.14,45.35,18.57,431.37
838,,507.64,57.17,114.14,45.35,18.57,431.37
839,436.77,650.67,57.17,114.14,45.35,18.57,431.37
840,438.24,650.78,57.17,114.14,45.35,18.57,429.28
841,576.83,680.88,57.17,114.14,45.35,18.57,429.28
842,872.62,751.1,57.17,114.14,45.35,18.57,429.28
843,1159.08,874.83,57.17,114.14,45.35,18.57,439.67
844,1159.71,874.41,57.17,114.14,45.35,18.57,439.67
845,1159.27,874.28,53.74,108.54,45.17,21.16,439.67
846,1158.43,873.59,53.74,108.54,45.17,21.16,433.84
847,994.2,780.73,53.74,108.54,45.17,21.16,433.84
848,994.29,780.87,53.74,108.54,45.17,21.16,433.84
849,855.88,699.61,53.74,108.54,45.17,21.16,438.07
850,856.14,699.2,53.74,108.54,45.17,21.16,438.07
851,856.05,699.36,53.74,108.54,45.17,21.16,438.07
852,855.39,699.02,53.74,108.54,45.17,21.16,425.36
853,854.6,698.83,53.74,108.54,45.17,21.16,425.36
854,855.35,698.91,53.74,108.54,45.17,21.16,425.36
855,855.08,699.01,53.74,108.54,45.17,21.16,447.46
856,591.95,622.91,53.74,108.54,45.17,21.16,447.46
857,592.69,623.07,53.74,108.54,45.17,21.16,447.46
858,593.45,623.25,53.74,108.54,45.17,21.16,440.95
859,592.7,623.19,53.74,108.54,45.17,21.16,440.95
860,871.34,716.97,53.74,108.54,45.17,21.16,440.95
861,723.47,623.01,53.74,108.54,45.17,21.16,433.67999999999995
862,723.34,622.71,53.74,108.54,45.17,21.16,433.67999999999995
863,437.58,571.58,53.74,108.54,45.17,21.16,433.67999999999995
864,437.49,571.59,53.74,108.54,45.17,21.16,427.7
865,585.63,699.36,53.74,108.54,45.17,21.16,427.7
866,585.98,699.39,53.74,108.54,45.17,21.16,427.7
867,298.63,454.62,53.74,108.54,45.17,21.16,428.51
868,298.23,354.47,53.74,108.54,45.17,21.16,428.51
869,299.21,354.76,57.23,111.59,47.28,18.87,428.51
870,298.54,354.69,57.23,111.59,47.28,18.87,408.81
871,,378.51,57.23,111.59,47.28,18.87,408.81
872,,378.33,57.23,111.59,47.28,18.87,408.81
873,,378.81,57.23,111.59,47.28,18.87,423.46000000000004
874,,378.42,57.23,111.59,47.28,18.87,423.46000000000004
875,,378.43,57.23,111.59,47.28,18.87,423.46000000000004
876,,378.68,57.23,111.59,47.28,18.87,416.7
877,,378.62,57.23,111.59,47.28,18.87,416.7
878,,378.48,57.23,111.59,47.28,18.87,416.7
879,,378.3,57.23,111.59,47.28,18.87,425.36
880,,378.68,57.23,111.59,47.28,18.87,425.36
881,,378.51,57.23,111.59,47.28,18.87,425.36
882,,378.63,57.23,111.59,47.28,18.87,418.44
883,,378.2,57.23,111.59,47.28,18.87,418.44
884,,377.92,57.23,111.59,47.28,18.87,418.44
885,,378.36,57.23,111.59,47.28,18.87,426.12
886,,378.71,57.23,111.59,47.28,18.87,426.12
887,463.21,583.1,57.23,111.59,47.28,18.87,426.12
888,464.49,583.26,57.23,111.59,47.28,18.87,441.09999999999997
889,463.16,582.58,57.23,111.59,47.28,18.87,441.09999999999997
890,758.25,752.24,57.23,111.59,47.28,18.87,441.09999999999997
891,757.63,752.39,57.23,111.59,47.28,18.87,441.06000000000006
892,757.58,752.15,57.23,111.59,47.28,18.87,441.06000000000006
893,757.81,751.65,55.0,102.93,48.36,20.21,441.06000000000006
894,894.94,868.6,55.0,102.93,48.36,20.21,445.29
895,895.03,868.37,55.0,102.93,48.36,20.21,445.29
896,895.33,868.57,55.0,102.93,48.36,20.21,445.29
897,895.6,868.98,55.0,102.93,48.36,20.21,457.23
898,894.85,868.53,55.0,102.93,48.36,20.21,457.23
899,895.65,868.55,55.0,102.93,48.36,20.21,457.23
900,731.25,728.96,55.0,102.93,48.36,20.21,454.99
901,730.9,729.2,55.0,102.93,48.36,20.21,454.99
902,575.82,595.04,55.0,102.93,48.36,20.21,454.99
903,288.42,442.99,55.0,102.93,48.36,20.21,436.48
904,287.94,442.8,55.0,102.93,48.36,20.21,436.48
905,288.82,443.08,55.0,102.93,48.36,20.21,436.48
906,288.68,443.38,55.0,102.93,48.36,20.21,426.08000000000004
907,288.51,442.88,55.0,102.93,48.36,20.21,426.08000000000004
908,288.29,443.26,55.0,102.93,48.36,20.21,426.08000000000004
909,,491.04,55.0,102.93,48.36,20.21,423.03000000000003
910,,491.05,55.0,102.93,48.36,20.21,423.03000000000003
911,,490.29,55.0,102.93,48.36,20.21,423.03000000000003
912,,491.02,55.0,102.93,48.36,20.21,423.28
913,,491.21,55.0,102.93,48.36,20.21,423.28
914,,491.28,55.0,102.93,48.36,20.21,423.28
915,,490.76,55.0,102.93,48.36,20.21,411.96
916,,491.16,55.0,102.93,48.36,20.21,411.96
917,,490.98,55.53,105.06,44.68,18.8,411.96
918,,491.6,55.53,105.06,44.68,18.8,405.16999999999996
919,,491.17,55.53,105.06,44.68,18.8,405.16999999999996
920,,491.28,55.53,105.06,44.68,18.8,405.16999999999996
921,,491.3,55.53,105.06,44.68,18.8,420.25
922,,490.99,55.53,105.06,44.68,18.8,420.25
923,,491.41,55.53,105.06,44.68,18.8,420.25
924,,491.21,55.53,105.06,44.68,18.8,469.04
925,,491.03,55.53,105.06,44.68,18.8,469.04
926,,262.13,55.53,105.06,44.68,18.8,469.04
927,,262.65,55.53,105.06,44.68,18.8,397.08000000000004
928,,262.39,55.53,105.06,44.68,18.8,397.08000000000004
929,,262.75,55.53,105.06,44.68,18.8,397.08000000000004
930,,265.72,55.53,105.06,44.68,18.8,376.96000000000004
931,,265.86,55.53,105.06,44.68,18.8,376.96000000000004
932,,265.27,55.53,105.06,44.68,18.8,376.96000000000004
933,,262.53,55.53,105.06,44.68,18.8,367.91999999999996
934,,262.55,55.53,105.06,44.68,18.8,367.91999999999996
935,,261.84,55.53,105.06,44.68,18.8,367.91999999999996
936,,262.46,55.53,105.06,44.68,18.8,356.33000000000004
937,,262.2,55.53,105.06,44.68,18.8,356.33000000000004
938,,262.48,55.53,105.06,44.68,18.8,356.33000000000004
939,,262.4,55.53,105.06,44.68,18.8,400.07
940,,262.61,55.53,105.06,44.68,18.8,400.07
941,,262.04,56.08,113.75,45.77,20.86,400.07
942,,390.61,56.08,113.75,45.77,20.86,398.12
943,468.42,686.46,56.08,113.75,45.77,20.86,398.12
944,467.5,686.49,56.08,113.75,45.77,20.86,398.12
945,467.94,686.42,56.08,113.75,45.77,20.86,408.42999999999995
946,289.21,655.6,56.08,113.75,45.77,20.86,408.42999999999995
947,,650.28,56.08,113.75,45.77,20.86,408.42999999999995
948,,503.48,56.08,113.75,45.77,20.86,417.63
949,,503.18,56.08,113.75,45.77,20.86,417.63
950,,503.48,56.08,113.75,45.77,20.86,417.63
951,,503.38,56.08,113.75,45.77,20.86,412.38
952,,503.28,56.08,113.75,45.77,20.86,412.38
953,,503.41,56.08,113.75,45.77,20.86,412.38
954,313.48,549.96,56.08,113.75,45.77,20.86,422.21000000000004
955,312.9,549.84,56.08,113.75,45.77,20.86,422.21000000000004
956,464.09,685.85,56.08,113.75,45.77,20.86,422.21000000000004
957,463.34,685.91,56.08,113.75,45.77,20.86,404.15999999999997
958,463.52,686.08,56.08,113.75,45.77,20.86,404.15999999999997
959,614.7,712.03,56.08,113.75,45.77,20.86,404.15999999999997
960,643.26,824.93,56.08,113.75,45.77,20.86,393.12
961,862.81,945.07,56.08,113.75,45.77,20.86,393.12
962,862.9,945.16,56.08,113.75,45.77,20.86,393.12
963,862.54,943.6,56.08,113.75,45.77,20.86,394.73
964,862.81,944.78,56.08,113.75,45.77,20.86,394.73
965,1011.74,971.25,54.39,98.56,46.98,19.5,394.73
966,1011.13,970.87,54.39,98.56,46.98,19.5,410.23
967,1011.08,970.76,54.39,98.56,46.98,19.5,410.23
968,862.59,944.89,54.39,98.56,46.98,19.5,410.23
969,862.23,944.45,54.39,98.56,46.98,19.5,410.85
970,863.56,945.39,54.39,98.56,46.98,19.5,410.85
971,724.79,921.15,54.39,98.56,46.98,19.5,410.85
972,724.48,921.3,54.39,98.56,46.98,19.5,417.29999999999995
973,723.64,919.43,54.39,98.56,46.98,19.5,417.29999999999995
974,1003.12,968.34,54.39,98.56,46.98,19.5,417.29999999999995
975,1003.8,969.52,54.39,98.56,46.98,19.5,411.35
976,1003.08,969.1,54.39,98.56,46.98,19.5,411.35
977,1298.3,1020.57,54.39,98.56,46.98,19.5,411.35
978,1297.33,1019.93,54.39,98.56,46.98,19.5,400.99
979,1297.82,1020.24,54.39,98.56,46.98,19.5,400.99
980,1298.39,1020.53,54.39,98.56,46.98,19.5,400.99
981,1297.78,1020.78,54.39,98.56,46.98,19.5,401.68
982,994.46,862.5,54.39,98.56,46.98,19.5,401.68
983,994.55,862.5,54.39,98.56,46.98,19.5,401.68
984,993.72,862.6,54.39,98.56,46.98,19.5,390.09000000000003
985,1013.16,865.64,54.39,98.56,46.98,19.5,390.09000000000003
986,1013.51,865.98,54.39,98.56,46.98,19.5,390.09000000000003
987,704.82,778.33,54.39,98.56,46.98,19.5,408.61
988,704.29,778.6,54.39,98.56,46.98,19.5,408.61
989,703.98,778.95,57.47,109.47,46.61,17.77,408.61
990,704.38,778.18,57.47,109.47,46.61,17.77,409.2
991,1204.21,924.99,57.47,109.47,46.61,17.77,409.2
992,1208.32,924.99,57.47,109.47,46.61,17.77,409.2
993,1207.22,924.97,57.47,109.47,46.61,17.77,410.85
994,1158.6,917.63,57.47,109.47,46.61,17.77,410.85
995,1002.33,831.07,57.47,109.47,46.61,17.77,410.85
996,1003.88,831.58,57.47,109.47,46.61,17.77,409.40999999999997
997,1004.19,832.05,57.47,109.47,46.61,17.77,409.40999999999997
998,1002.9,831.36,57.47,109.47,46.61,17.77,409.40999999999997
999,1003.7,831.65,57.47,109.47,46.61,17.77,410.36
1000,1003.04,831.34,57.47,109.47,46.61,17.77,410.36
1001,1141.76,988.83,57.47,109.47,46.61,17.77,410.36
1002,1404.59,1026.63,57.47,109.47,46.61,17.77,399.11
1003,1405.29,1026.26,57.47,109.47,46.61,17.77,399.11
1004,1404.41,1026.08,57.47,109.47,46.61,17.77,399.11
1005,1272.09,1006.17,57.47,109.47,46.61,17.77,412.71999999999997
1006,1141.55,988.49,57.47,109.47,46.61,17.77,412.71999999999997
1007,1141.63,988.94,57.47,109.47,46.61,17.77,412.71999999999997
1008,1141.63,988.38,57.47,109.47,46.61,17.77,410.84000000000003
1009,927.78,857.93,57.47,109.47,46.61,17.77,410.84000000000003
1010,927.2,858.06,57.47,109.47,46.61,17.77,410.84000000000003
1011,927.95,857.86,57.47,109.47,46.61,17.77,412.95000000000005
1012,1141.37,996.78,57.47,109.47,46.61,17.77,412.95000000000005
1013,1141.28,996.63,56.78,112.69,45.83,19.03,412.95000000000005
1014,1142.16,997.31,56.78,112.69,45.83,19.03,428.77
1015,1141.63,997.01,56.78,112.69,45.83,19.03,428.77
1016,1142.07,996.88,56.78,112.69,45.83,19.03,428.77
1017,1141.77,997.66,56.78,112.69,45.83,19.03,416.23
1018,855.96,749.23,56.78,112.69,45.83,19.03,416.23
1019,856.1,749.65,56.78,112.69,45.83,19.03,416.23
1020,856.0,749.55,56.78,112.69,45.83,19.03,406.89
1021,856.1,749.29,56.78,112.69,45.83,19.03,406.89
1022,584.7,671.32,56.78,112.69,45.83,19.03,406.89
1023,585.05,691.74,56.78,112.69,45.83,19.03,426.09000000000003
1024,585.71,692.1,56.78,112.69,45.83,19.03,426.09000000000003
1025,585.98,691.78,56.78,112.69,45.83,19.03,426.09000000000003
1026,585.71,691.68,56.78,112.69,45.83,19.03,421.46
1027,724.31,806.44,56.78,112.69,45.83,19.03,421.46
1028,724.09,806.38,56.78,112.69,45.83,19.03,421.46
1029,724.31,818.63,56.78,112.69,45.83,19.03,419.64
1030,855.39,940.8,56.78,112.69,45.83,19.03,419.64
1031,856.31,941.02,56.78,112.69,45.83,19.03,419.64
1032,855.03,941.02,56.78,112.69,45.83,19.03,409.75
1033,854.82,927.41,56.78,112.69,45.83,19.03,409.75
1034,855.65,928.35,56.78,112.69,45.83,19.03,409.75
1035,757.55,866.86,56.78,112.69,45.83,19.03,428.99
1036,757.77,866.88,56.78,112.69,45.83,19.03,428.99
1037,758.16,866.75,54.19,98.61,47.88,21.55,428.99
1038,758.3,867.1,54.19,98.61,47.88,21.55,448.09
1039,758.47,866.55,54.19,98.61,47.88,21.55,448.09
1040,757.77,866.34,54.19,98.61,47.88,21.55,448.09
1041,758.78,867.25,54.19,98.61,47.88,21.55,427.21999999999997
1042,758.91,867.08,54.19,98.61,47.88,21.55,427.21999999999997
1043,758.61,866.94,54.19,98.61,47.88,21.55,427.21999999999997
1044,758.87,867.23,54.19,98.61,47.88,21.55,443.24
1045,776.59,862.68,54.19,98.61,47.88,21.55,443.24
1046,776.46,845.7,54.19,98.61,47.88,21.55,443.24
1047,593.0,732.24,54.19,98.61,47.88,21.55,414.36
1048,593.05,732.64,54.19,98.61,47.88,21.55,414.36
1049,453.09,584.96,54.19,98.61,47.88,21.55,414.36
1050,454.37,589.5,54.19,98.61,47.88,21.55,435.11
1051,453.79,589.05,54.19,98.61,47.88,21.55,435.11
1052,453.97,584.99,54.19,98.61,47.88,21.55,435.11
1053,453.84,585.58,54.19,98.61,47.88,21.55,459.84000000000003
1054,453.53,585.29,54.19,98.61,47.88,21.55,459.84000000000003
1055,454.46,586.05,54.19,98.61,47.88,21.55,459.84000000000003
1056,454.11,585.36,54.19,98.61,47.88,21.55,430.81000000000006
1057,453.09,584.64,54.19,98.61,47.88,21.55,430.81000000000006
1058,454.37,584.81,54.44,94.32,47.88,23.08,430.81000000000006
1059,717.59,824.98,54.44,94.32,47.88,23.08,452.33000000000004
1060,716.84,824.74,54.44,94.32,47.88,23.08,452.33000000000004
1061,717.23,825.45,54.44,94.32,47.88,23.08,452.33000000000004
1062,1003.61,956.66,54.44,94.32,47.88,23.08,451.5
1063,1003.39,956.07,54.44,94.32,47.88,23.08,451.5
1064,1003.79,956.5,54.44,94.32,47.88,23.08,451.5
1065,724.48,730.6,54.44,94.32,47.88,23.08,457.75
1066,724.26,730.11,54.44,94.32,47.88,23.08,457.75
1067,724.17,730.13,54.44,94.32,47.88,23.08,457.75
1068,724.35,730.23,54.44,94.32,47.88,23.08,449.32
1069,856.27,845.09,54.44,94.32,47.88,23.08,449.32
1070,855.92,845.59,54.44,94.32,47.88,23.08,449.32
1071,854.85,867.83,54.44,94.32,47.88,23.08,441.77000000000004
1072,941.39,937.03,54.44,94.32,47.88,23.08,441.77000000000004
1073,941.08,946.21,54.44,94.32,47.88,23.08,441.77000000000004
1074,855.43,875.02,54.44,94.32,47.88,23.08,460.48
1075,855.65,833.05,54.44,94.32,47.88,23.08,460.48
1076,855.65,833.65,54.44,94.32,47.88,23.08,460.48
1077,855.21,833.33,54.44,94.32,47.88,23.08,459.85
1078,733.81,710.38,54.44,94.32,47.88,23.08,459.85
1079,732.79,709.4,54.44,94.32,47.88,23.08,459.85
1080,733.41,710.22,54.44,94.32,47.88,23.08,446.63
1081,912.31,865.25,54.44,94.32,47.88,23.08,446.63
1082,912.97,869.55,58.14,108.41,44.92,18.18,446.63
1083,913.15,870.3,58.14,108.41,44.92,18.18,396.31
1084,913.1,869.58,58.14,108.41,44.92,18.18,396.31
1085,913.37,869.87,58.14,108.41,44.92,18.18,396.31
1086,912.57,869.33,58.14,108.41,44.92,18.18,400.02
1087,723.42,722.31,58.14,108.41,44.92,18.18,400.02
1088,724.31,722.5,58.14,108.41,44.92,18.18,400.02
1089,593.09,599.68,58.14,108.41,44.92,18.18,398.12
1090,592.21,599.74,58.14,108.41,44.92,18.18,398.12
1091,592.56,599.58,58.14,108.41,44.92,18.18,398.12
1092,287.76,581.26,58.14,108.41,44.92,18.18,408.23
1093,288.2,581.67,58.14,108.41,44.92,18.18,408.23
1094,,647.24,58.14,108.41,44.92,18.18,408.23
1095,,647.8,58.14,108.41,44.92,18.18,386.77
1096,,647.17,58.14,108.41,44.92,18.18,386.77
1097,,647.95,58.14,108.41,44.92,18.18,386.77
1098,,647.62,58.14,108.41,44.92,18.18,410.44
1099,437.88,680.98,58.14,108.41,44.92,18.18,410.44
1100,436.6,680.3,58.14,108.41,44.92,18.18,410.44
1101,576.3,806.98,58.14,108.41,44.92,18.18,381.91999999999996
1102,732.57,933.98,58.14,108.41,44.92,18.18,381.91999999999996
1103,732.83,934.04,58.14,108.41,44.92,18.18,381.91999999999996
1104,1002.42,972.15,58.14,108.41,44.92,18.18,389.92
1105,1404.63,1030.62,58.14,108.41,44.92,18.18,389.92
1106,1404.76,1031.11,54.41,93.77,50.84,19.31,389.92
1107,1406.89,1032.74,54.41,93.77,50.84,19.31,426.27
1108,1405.64,1030.77,54.41,93.77,50.84,19.31,426.27
1109,1404.63,1030.68,54.41,93.77,50.84,19.31,426.27
1110,1405.33,1030.99,54.41,93.77,50.84,19.31,405.90999999999997
1111,1405.33,1030.51,54.41,93.77,50.84,19.31,405.90999999999997
1112,1404.15,1031.26,54.41,93.77,50.84,19.31,405.90999999999997
1113,1404.19,1030.58,54.41,93.77,50.84,19.31,394.72
1114,1403.04,1028.72,54.41,93.77,50.84,19.31,394.72
1115,1405.91,1030.75,54.41,93.77,50.84,19.31,394.72
1116,1405.47,1030.92,54.41,93.77,50.84,19.31,407.01
1117,1405.07,1017.11,54.41,93.77,50.84,19.31,407.01
1118,1404.54,1019.68,54.41,93.77,50.84,19.31,407.01
1119,1403.97,1039.93,54.41,93.77,50.84,19.31,395.74
1120,1405.07,1030.98,54.41,93.77,50.84,19.31,395.74
1121,1406.27,1031.2,54.41,93.77,50.84,19.31,395.74
1122,1403.79,1031.09,54.41,93.77,50.84,19.31,395.53999999999996
1123,1404.28,1030.87,54.41,93.77,50.84,19.31,395.53999999999996
1124,1141.23,993.51,54.41,93.77,50.84,19.31,395.53999999999996
1125,1142.38,993.31,54.41,93.77,50.84,19.31,413.52
1126,856.09,951.7,54.41,93.77,50.84,19.31,413.52
1127,855.61,952.57,54.41,93.77,50.84,19.31,413.52
1128,1002.78,972.46,54.41,93.77,50.84,19.31,399.75
1129,1003.88,972.93,54.41,93.77,50.84,19.31,399.75
1130,1002.99,973.28,57.02,109.98,49.63,19.21,399.75
1131,1003.57,973.34,57.02,109.98,49.63,19.21,406.86
1132,717.59,931.37,57.02,109.98,49.63,19.21,406.86
1133,717.19,931.51,57.02,109.98,49.63,19.21,406.86
1134,717.06,931.36,57.02,109.98,49.63,19.21,413.12
1135,717.33,931.75,57.02,109.98,49.63,19.21,413.12
1136,856.41,951.76,57.02,109.98,49.63,19.21,413.12
1137,1011.3,974.16,57.02,109.98,49.63,19.21,435.41
1138,1011.61,974.22,57.02,109.98,49.63,19.21,435.41
1139,1273.42,1011.75,57.02,109.98,49.63,19.21,435.41
1140,1273.9,1011.92,57.02,109.98,49.63,19.21,433.98
1141,1273.33,1011.74,57.02,109.98,49.63,19.21,433.98
1142,1272.8,1011.85,57.02,109.98,49.63,19.21,433.98
1143,1272.89,1008.89,57.02,109.98,49.63,19.21,419.0
1144,1273.29,1008.59,57.02,109.98,49.63,19.21,419.0
1145,1272.36,1008.62,57.02,109.98,49.63,19.21,419.0
1146,1158.96,994.74,57.02,109.98,49.63,19.21,426.49
1147,871.64,958.92,57.02,109.98,49.63,19.21,426.49
1148,592.87,815.63,57.02,109.98,49.63,19.21,426.49
1149,592.17,815.21,57.02,109.98,49.63,19.21,426.07000000000005
1150,591.86,815.58,57.02,109.98,49.63,19.21,426.07000000000005
1151,855.7,955.62,57.02,109.98,49.63,19.21,426.07000000000005
1152,1011.31,1081.52,57.02,109.98,49.63,19.21,426.1
1153,1011.66,969.88,57.02,109.98,49.63,19.21,426.1
1154,1010.86,1025.54,55.12,112.1,48.06,20.26,426.1
1155,862.99,935.96,55.12,112.1,48.06,20.26,417.90999999999997
1156,715.82,868.0,55.12,112.1,48.06,20.26,417.90999999999997
1157,717.01,868.83,55.12,112.1,48.06,20.26,417.90999999999997
1158,717.11,868.5,55.12,112.1,48.06,20.26,412.31
1159,717.42,869.08,55.12,112.1,48.06,20.26,412.31
1160,1002.64,1079.48,55.12,112.1,48.06,20.26,412.31
1161,1003.79,1079.82,55.12,112.1,48.06,20.26,403.78999999999996
1162,1003.39,1079.15,55.12,112.1,48.06,20.26,403.78999999999996
1163,1290.74,1119.17,55.12,112.1,48.06,20.26,403.78999999999996
1164,1290.65,1106.64,55.12,112.1,48.06,20.26,415.40000000000003
1165,1290.75,1077.33,55.12,112.1,48.06,20.26,415.40000000000003
1166,1291.32,1110.26,55.12,112.1,48.06,20.26,415.40000000000003
1167,1291.28,1117.75,55.12,112.1,48.06,20.26,407.56
1168,1290.3,950.2,55.12,112.1,48.06,20.26,407.56
1169,1291.89,867.28,55.12,112.1,48.06,20.26,407.56
1170,1291.4,866.67,55.12,112.1,48.06,20.26,420.6
1171,1290.92,866.54,55.12,112.1,48.06,20.26,420.6
1172,1290.97,866.71,55.12,112.1,48.06,20.26,420.6
1173,1149.46,805.52,55.12,112.1,48.06,20.26,429.89
1174,1169.58,915.01,55.12,112.1,48.06,20.26,429.89
1175,1169.99,962.87,55.12,112.1,48.06,20.26,429.89
1176,1168.93,920.39,55.12,112.1,48.06,20.26,413.79
1177,1002.58,891.49,55.12,112.1,48.06,20.26,413.79
1178,1001.11,891.04,57.85,113.63,45.77,18.23,413.79
1179,1002.58,891.38,57.85,113.63,45.77,18.23,411.28
1180,1002.58,821.22,57.85,113.63,45.77,18.23,411.28
1181,735.68,705.3,57.85,113.63,45.77,18.23,411.28
1182,632.0,640.93,57.85,113.63,45.77,18.23,412.48
1183,582.03,631.83,57.85,113.63,45.77,18.23,412.48
1184,332.62,548.3,57.85,113.63,45.77,18.23,412.48
1185,333.37,548.75,57.85,113.63,45.77,18.23,424.45
1186,578.38,669.93,57.85,113.63,45.77,18.23,424.45
1187,577.61,669.83,57.85,113.63,45.77,18.23,424.45
1188,578.0,670.02,57.85,113.63,45.77,18.23,419.91
1189,577.85,670.95,57.85,113.63,45.77,18.23,419.91
1190,577.79,670.5,57.85,113.63,45.77,18.23,419.91
1191,578.38,745.46,57.85,113.63,45.77,18.23,412.19
1192,577.91,712.23,57.85,113.63,45.77,18.23,412.19
1193,576.93,761.47,57.85,113.63,45.77,18.23,412.19
1194,577.76,622.67,57.85,113.63,45.77,18.23,441.32
1195,578.49,712.7,57.85,113.63,45.77,18.23,441.32
1196,577.88,712.1,57.85,113.63,45.77,18.23,441.32
1197,577.2,763.09,57.85,113.63,45.77,18.23,437.39
1198,436.84,740.96,57.85,113.63,45.77,18.23,437.39
1199,437.31,741.93,57.85,113.63,45.77,18.23,437.39
1200,725.31,872.01,57.85,113.63,45.77,18.23,430.05999999999995
1201,860.46,891.87,57.85,113.63,45.77,18.23,430.05999999999995
1202,860.69,892.81,53.73,106.88,43.78,21.3,430.05999999999995
1203,860.16,891.55,53.73,106.88,43.78,21.3,421.11
1204,860.6,891.81,53.73,106.88,43.78,21.3,421.11
1205,860.57,891.86,53.73,106.88,43.78,21.3,421.11
1206,860.28,891.84,53.73,106.88,43.78,21.3,418.96
1207,860.19,891.87,53.73,106.88,43.78,21.3,418.96
1208,860.52,891.65,53.73,106.88,43.78,21.3,418.96
1209,860.1,891.99,53.73,106.88,43.78,21.3,407.34000000000003
1210,859.8,891.65,53.73,106.88,43.78,21.3,407.34000000000003
1211,859.48,891.28,53.73,106.88,43.78,21.3,407.34000000000003
1212,859.31,891.65,53.73,106.88,43.78,21.3,427.56000000000006
1213,582.68,850.83,53.73,106.88,43.78,21.3,427.56000000000006
1214,582.65,851.34,53.73,106.88,43.78,21.3,427.56000000000006
1215,581.97,851.72,53.73,106.88,43.78,21.3,425.72
1216,582.71,851.39,53.73,106.88,43.78,21.3,425.72
1217,860.13,891.95,53.73,106.88,43.78,21.3,425.72
1218,859.69,892.66,53.73,106.88,43.78,21.3,439.94000000000005
1219,860.6,892.16,53.73,106.88,43.78,21.3,439.94000000000005
1220,860.22,892.05,53.73,106.88,43.78,21.3,439.94000000000005
1221,858.83,891.52,53.73,106.88,43.78,21.3,423.15
1222,860.28,892.96,53.73,106.88,43.78,21.3,423.15
1223,860.57,892.4,53.73,106.88,43.78,21.3,423.15
1224,860.39,891.81,53.73,106.88,43.78,21.3,432.78
1225,859.48,891.58,53.73,106.88,43.78,21.3,432.78
1226,1148.98,933.71,58.53,117.06,43.54,18.37,432.78
1227,1149.04,933.25,58.53,117.06,43.54,18.37,439.48
1228,1149.25,934.17,58.53,117.06,43.54,18.37,439.48
1229,1148.89,933.91,58.53,117.06,43.54,18.37,439.48
1230,1149.04,932.93,58.53,117.06,43.54,18.37,446.32
1231,1149.16,933.29,58.53,117.06,43.54,18.37,446.32
1232,1296.21,954.47,58.53,117.06,43.54,18.37,446.32
1233,1296.74,954.73,58.53,117.06,43.54,18.37,438.35
1234,1297.04,954.68,58.53,117.06,43.54,18.37,438.35
1235,1296.62,954.76,58.53,117.06,43.54,18.37,438.35
1236,1013.78,913.87,58.53,117.06,43.54,18.37,429.97
1237,870.44,746.47,58.53,117.06,43.54,18.37,429.97
1238,870.5,746.46,58.53,117.06,43.54,18.37,429.97
1239,871.47,746.74,58.53,117.06,43.54,18.37,425.56000000000006
1240,610.06,708.82,58.53,117.06,43.54,18.37,425.56000000000006
1241,610.2,709.04,58.53,117.06,43.54,18.37,425.56000000000006
1242,696.23,720.49,58.53,117.06,43.54,18.37,421.46
1243,695.9,721.31,58.53,117.06,43.54,18.37,421.46
1244,696.17,705.22,58.53,117.06,43.54,18.37,421.46
1245,426.0,576.18,58.53,117.06,43.54,18.37,418.17
1246,426.82,576.45,58.53,117.06,43.54,18.37,418.17
1247,288.67,480.05,58.53,117.06,43.54,18.37,418.17
1248,289.14,452.41,58.53,117.06,43.54,18.37,441.66
1249,289.2,479.44,58.53,117.06,43.54,18.37,441.66
1250,289.7,479.88,55.75,102.09,47.4,20.51,441.66
1251,288.94,479.99,55.75,102.09,47.4,20.51,432.94
1252,289.61,480.17,55.75,102.09,47.4,20.51,432.94
1253,288.96,480.16,55.75,102.09,47.4,20.51,432.94
1254,436.87,561.71,55.75,102.09,47.4,20.51,441.56999999999994
1255,437.1,561.6,55.75,102.09,47.4,20.51,441.56999999999994
1256,577.96,680.5,55.75,102.09,47.4,20.51,441.56999999999994
1257,578.0,639.9,55.75,102.09,47.4,20.51,429.78999999999996
1258,576.03,804.95,55.75,102.09,47.4,20.51,429.78999999999996
1259,575.85,805.04,55.75,102.09,47.4,20.51,429.78999999999996
1260,576.52,805.05,55.75,102.09,47.4,20.51,407.61
1261,576.34,805.09,55.75,102.09,47.4,20.51,407.61
1262,576.0,805.35,55.75,102.09,47.4,20.51,407.61
1263,575.85,804.28,55.75,102.09,47.4,20.51,404.29999999999995
1264,575.28,803.95,55.75,102.09,47.4,20.51,404.29999999999995
1265,576.56,804.95,55.75,102.09,47.4,20.51,404.29999999999995
1266,576.39,805.23,55.75,102.09,47.4,20.51,421.33
1267,451.63,787.19,55.75,102.09,47.4,20.51,421.33
1268,451.72,787.19,55.75,102.09,47.4,20.51,421.33
1269,288.68,559.04,55.75,102.09,47.4,20.51,419.70000000000005
1270,288.29,559.02,55.75,102.09,47.4,20.51,419.70000000000005
1271,288.02,558.17,55.75,102.09,47.4,20.51,419.70000000000005
1272,289.09,559.2,55.75,102.09,47.4,20.51,425.51
1273,561.18,740.23,55.75,102.09,47.4,20.51,425.51
1274,626.59,791.77,54.35,99.12,45.41,21.76,425.51
1275,626.5,791.61,54.35,99.12,45.41,21.76,397.99
1276,626.55,791.28,54.35,99.12,45.41,21.76,397.99
1277,626.02,791.52,54.35,99.12,45.41,21.76,397.99
1278,625.97,791.28,54.35,99.12,45.41,21.76,393.04999999999995
1279,626.86,791.63,54.35,99.12,45.41,21.76,393.04999999999995
1280,626.99,791.72,54.35,99.12,45.41,21.76,393.04999999999995
1281,583.11,785.27,54.35,99.12,45.41,21.76,423.21000000000004
1282,583.9,785.18,54.35,99.12,45.41,21.76,423.21000000000004
1283,854.68,773.23,54.35,99.12,45.41,21.76,423.21000000000004
1284,855.0,772.83,54.35,99.12,45.41,21.76,421.59
1285,854.24,815.01,54.35,99.12,45.41,21.76,421.59
1286,854.83,812.5,54.35,99.12,45.41,21.76,421.59
1287,854.39,712.88,54.35,99.12,45.41,21.76,437.90999999999997
1288,1160.0,862.12,54.35,99.12,45.41,21.76,437.90999999999997
1289,1160.21,861.93,54.35,99.12,45.41,21.76,437.90999999999997
1290,1160.03,862.21,54.35,99.12,45.41,21.76,453.77
1291,1159.88,860.89,54.35,99.12,45.41,21.76,453.77
1292,1160.06,862.22,54.35,99.12,45.41,21.76,453.77
1293,1159.74,862.12,54.35,99.12,45.41,21.76,445.29
1294,1160.38,861.15,54.35,99.12,45.41,21.76,445.29
1295,1160.21,862.38,54.35,99.12,45.41,21.76,445.29
1296,1143.0,860.19,54.35,99.12,45.41,21.76,428.33
1297,1142.12,859.79,54.35,99.12,45.41,21.76,428.33
1298,1141.05,859.27,53.93,97.63,47.04,21.81,428.33
1299,1142.97,859.94,53.93,97.63,47.04,21.81,424.26
1300,1142.38,859.74,53.93,97.63,47.04,21.81,424.26
1301,1295.18,881.73,53.93,97.63,47.04,21.81,424.26
1302,1294.77,881.67,53.93,97.63,47.04,21.81,436.24
1303,1294.47,881.55,53.93,97.63,47.04,21.81,436.24
1304,1007.3,840.09,53.93,97.63,47.04,21.81,436.24
1305,715.2,797.76,53.93,97.63,47.04,21.81,383.79999999999995
1306,582.0,661.39,53.93,97.63,47.04,21.81,383.79999999999995
1307,582.18,640.88,53.93,97.63,47.04,21.81,383.79999999999995
1308,582.12,641.09,53.93,97.63,47.04,21.81,386.85
1309,301.63,601.64,53.93,97.63,47.04,21.81,386.85
1310,300.72,601.23,53.93,97.63,47.04,21.81,386.85
1311,301.22,600.31,53.93,97.63,47.04,21.81,415.21999999999997
1312,577.58,641.27,53.93,97.63,47.04,21.81,415.21999999999997
1313,578.08,641.01,53.93,97.63,47.04,21.81,415.21999999999997
1314,441.7,561.99,53.93,97.63,47.04,21.81,429.12
1315,442.32,562.85,53.93,97.63,47.04,21.81,429.12
1316,295.66,541.22,53.93,97.63,47.04,21.81,429.12
1317,296.51,541.56,53.93,97.63,47.04,21.81,430.89
1318,295.65,541.79,53.93,97.63,47.04,21.81,430.89
1319,295.3,541.56,53.93,97.63,47.04,21.81,430.89
1320,578.06,763.14,53.93,97.63,47.04,21.81,411.73
1321,577.17,763.45,56.76,101.07,47.4,19.14,411.73
1322,715.32,866.54,56.76,101.07,47.4,19.14,411.73
1323,714.52,865.94,56.76,101.07,47.4,19.14,389.44000000000005
1324,715.12,865.38,56.76,101.07,47.4,19.14,389.44000000000005
1325,715.15,866.42,56.76,101.07,47.4,19.14,389.44000000000005
1326,715.21,865.74,56.76,101.07,47.4,19.14,408.84
1327,715.26,866.65,56.76,101.07,47.4,19.14,408.84
1328,577.29,660.52,56.76,101.07,47.4,19.14,408.84
1329,578.29,763.66,56.76,101.07,47.4,19.14,439.4
1330,577.55,713.51,56.76,101.07,47.4,19.14,439.4
1331,577.46,681.65,56.76,101.07,47.4,19.14,439.4
1332,577.7,682.04,56.76,101.07,47.4,19.14,408.82
1333,864.16,723.88,56.76,101.07,47.4,19.14,408.82
1334,865.32,724.15,56.76,101.07,47.4,19.14,408.82
1335,864.73,723.32,56.76,101.07,47.4,19.14,390.94
1336,750.47,666.71,56.76,101.07,47.4,19.14,390.94
1337,754.23,682.61,56.76,101.07,47.4,19.14,390.94
1338,593.94,589.93,56.76,101.07,47.4,19.14,402.99
1339,590.49,595.53,56.76,101.07,47.4,19.14,402.99
1340,595.3,632.67,56.76,101.07,47.4,19.14,402.99
1341,724.37,669.46,56.76,101.07,47.4,19.14,387.63
1342,724.66,669.87,56.76,101.07,47.4,19.14,387.63
1343,724.39,664.84,56.76,101.07,47.4,19.14,387.63
1344,724.51,665.39,56.76,101.07,47.4,19.14,398.78999999999996
1345,724.42,667.14,54.6,102.47,46.43,20.5,398.78999999999996
1346,724.3,666.57,54.6,102.47,46.43,20.5,398.78999999999996
1347,583.21,562.31,54.6,102.47,46.43,20.5,386.72
1348,582.44,562.33,54.6,102.47,46.43,20.5,386.72
1349,582.83,562.61,54.6,102.47,46.43,20.5,386.72
1350,582.27,541.0,54.6,102.47,46.43,20.5,384.54999999999995
1351,582.33,531.17,54.6,102.47,46.43,20.5,384.54999999999995
1352,581.94,531.35,54.6,102.47,46.43,20.5,384.54999999999995
1353,582.06,540.83,54.6,102.47,46.43,20.5,384.21000000000004
1354,289.43,523.0,54.6,102.47,46.43,20.5,384.21000000000004
1355,289.88,456.44,54.6,102.47,46.43,20.5,384.21000000000004
1356,288.79,468.01,54.6,102.47,46.43,20.5,395.77
1357,291.12,456.72,54.6,102.47,46.43,20.5,395.77
1358,289.82,520.03,54.6,102.47,46.43,20.5,395.77
1359,587.88,622.17,54.6,102.47,46.43,20.5,390.07
1360,1164.66,875.37,54.6,102.47,46.43,20.5,390.07
1361,1157.1,873.3,54.6,102.47,46.43,20.5,390.07
1362,1157.99,873.89,54.6,102.47,46.43,20.5,366.02
1363,860.69,723.85,54.6,102.47,46.43,20.5,366.02
1364,583.59,528.76,54.6,102.47,46.43,20.5,366.02
1365,326.53,484.46,54.6,102.47,46.43,20.5,389.46000000000004
1366,326.83,484.14,54.6,102.47,46.43,20.5,389.46000000000004
1367,326.38,484.21,54.6,102.47,46.43,20.5,389.46000000000004
1368,,364.79,54.6,102.47,46.43,20.5,401.86
1369,,364.66,54.13,91.99,49.21,20.82,401.86
1370,,364.88,54.13,91.99,49.21,20.82,401.86
1371,320.87,410.58,54.13,91.99,49.21,20.82,396.78
1372,328.42,430.49,54.13,91.99,49.21,20.82,396.78
1373,502.98,625.31,54.13,91.99,49.21,20.82,396.78
1374,610.19,708.9,54.13,91.99,49.21,20.82,412.71999999999997
1375,609.64,678.72,54.13,91.99,49.21,20.82,412.71999999999997
1376,610.17,687.98,54.13,91.99,49.21,20.82,412.71999999999997
1377,609.9,690.85,54.13,91.99,49.21,20.82,420.97
1378,608.87,690.39,54.13,91.99,49.21,20.82,420.97
1379,609.05,601.94,54.13,91.99,49.21,20.82,420.97
1380,609.99,697.08,54.13,91.99,49.21,20.82,407.34000000000003
1381,609.61,697.13,54.13,91.99,49.21,20.82,407.34000000000003
1382,610.11,696.64,54.13,91.99,49.21,20.82,407.34000000000003
1383,601.18,599.61,54.13,91.99,49.21,20.82,426.84
1384,601.18,599.32,54.13,91.99,49.21,20.82,426.84
1385,601.89,581.47,54.13,91.99,49.21,20.82,426.84
1386,601.89,581.91,54.13,91.99,49.21,20.82,430.5
1387,609.43,631.42,54.13,91.99,49.21,20.82,430.5
1388,609.61,603.89,54.13,91.99,49.21,20.82,430.5
1389,719.65,783.52,54.13,91.99,49.21,20.82,428.05999999999995
1390,719.53,783.39,54.13,91.99,49.21,20.82,428.05999999999995
1391,1171.11,892.12,54.13,91.99,49.21,20.82,428.05999999999995
1392,1253.9,1005.21,54.13,91.99,49.21,20.82,392.07
1393,1395.57,916.96,52.06,80.15,52.35,22.35,392.07
1394,1399.21,925.67,52.06,80.15,52.35,22.35,392.07
1395,1399.3,921.92,52.06,80.15,52.35,22.35,415.07
1396,1399.09,923.94,52.06,80.15,52.35,22.35,415.07
1397,1399.59,923.05,52.06,80.15,52.35,22.35,415.07
1398,1396.5,917.44,52.06,80.15,52.35,22.35,409.1
1399,1399.92,930.41,52.06,80.15,52.35,22.35,409.1
1400,1400.24,930.86,52.06,80.15,52.35,22.35,409.1
1401,1398.77,929.87,52.06,80.15,52.35,22.35,414.63
1402,1400.1,930.93,52.06,80.15,52.35,22.35,414.63
1403,1399.62,930.69,52.06,80.15,52.35,22.35,414.63
1404,1400.42,930.73,52.06,80.15,52.35,22.35,428.78999999999996
1405,1400.5,930.82,52.06,80.15,52.35,22.35,428.78999999999996
1406,1399.83,930.56,52.06,80.15,52.35,22.35,428.78999999999996
1407,1399.13,930.77,52.06,80.15,52.35,22.35,465.59000000000003
1408,1399.95,930.62,52.06,80.15,52.35,22.35,465.59000000000003
1409,1399.56,930.81,52.06,80.15,52.35,22.35,465.59000000000003
1410,1399.74,930.47,52.06,80.15,52.35,22.35,386.7
1411,855.06,865.89,52.06,80.15,52.35,22.35,386.7
1412,578.15,669.27,52.06,80.15,52.35,22.35,386.7
1413,577.26,669.97,52.06,80.15,52.35,22.35,426.97
1414,577.58,668.93,52.06,80.15,52.35,22.35,426.97
1415,1000.9,842.24,52.06,80.15,52.35,22.35,426.97
1416,1279.56,889.68,52.06,80.15,52.35,22.35,434.54
1417,1279.47,887.07,56.25,104.5,48.91,18.56,434.54
1418,1279.65,889.23,56.25,104.5,48.91,18.56,434.54
1419,1023.29,858.2,56.25,104.5,48.91,18.56,438.24
1420,1022.53,858.22,56.25,104.5,48.91,18.56,438.24
1421,855.71,778.32,56.25,104.5,48.91,18.56,438.24
1422,855.62,778.64,56.25,104.5,48.91,18.56,436.69
1423,855.01,811.22,56.25,104.5,48.91,18.56,436.69
1424,854.79,779.05,56.25,104.5,48.91,18.56,436.69
1425,855.01,777.05,56.25,104.5,48.91,18.56,446.05000000000007
1426,1043.51,894.94,56.25,104.5,48.91,18.56,446.05000000000007
1427,1044.39,896.26,56.25,104.5,48.91,18.56,446.05000000000007
1428,1043.42,895.99,56.25,104.5,48.91,18.56,420.70000000000005
1429,1044.01,906.58,56.25,104.5,48.91,18.56,420.70000000000005
1430,1043.8,895.3,56.25,104.5,48.91,18.56,420.70000000000005
1431,897.16,875.88,56.25,104.5,48.91,18.56,419.13
1432,897.43,874.02,56.25,104.5,48.91,18.56,419.13
1433,895.95,873.7,56.25,104.5,48.91,18.56,419.13
1434,897.4,873.93,56.25,104.5,48.91,18.56,432.98
1435,897.37,875.21,56.25,104.5,48.91,18.56,432.98
1436,897.14,875.73,56.25,104.5,48.91,18.56,432.98
1437,897.2,890.72,56.25,104.5,48.91,18.56,435.65
1438,897.43,840.17,56.25,104.5,48.91,18.56,435.65
1439,1403.26,905.47,56.25,104.5,48.91,18.56,435.65
1440,1398.36,903.46,56.25,104.5,48.91,18.56,424.22
1441,1397.74,903.64,55.54,99.54,45.35,20.8,424.22
1442,1397.77,902.78,55.54,99.54,45.35,20.8,424.22
1443,1398.13,904.85,55.54,99.54,45.35,20.8,430.05999999999995
1444,1399.83,908.74,55.54,99.54,45.35,20.8,430.05999999999995
1445,1398.21,896.81,55.54,99.54,45.35,20.8,430.05999999999995
1446,1397.94,904.21,55.54,99.54,45.35,20.8,430.14
1447,1398.68,904.78,55.54,99.54,45.35,20.8,430.14
1448,1398.47,906.32,55.54,99.54,45.35,20.8,430.14
1449,1398.13,905.45,55.54,99.54,45.35,20.8,434.8
1450,1398.3,908.3,55.54,99.54,45.35,20.8,434.8
1451,1398.39,961.9,55.54,99.54,45.35,20.8,434.8
1452,1149.52,846.21,55.54,99.54,45.35,20.8,429.17
1453,1148.54,846.99,55.54,99.54,45.35,20.8,429.17
1454,869.88,695.99,55.54,99.54,45.35,20.8,429.17
1455,870.29,720.64,55.54,99.54,45.35,20.8,442.81
1456,870.32,720.92,55.54,99.54,45.35,20.8,442.81
1457,870.29,721.44,55.54,99.54,45.35,20.8,442.81
1458,876.25,770.45,55.54,99.54,45.35,20.8,432.84000000000003
1459,876.91,734.1,55.54,99.54,45.35,20.8,432.84000000000003
1460,877.44,734.31,55.54,99.54,45.35,20.8,432.84000000000003
1461,876.55,740.43,55.54,99.54,45.35,20.8,435.03
1462,876.6,574.46,55.54,99.54,45.35,20.8,435.03
1463,609.71,699.48,55.54,99.54,45.35,20.8,435.03
1464,608.3,629.25,55.54,99.54,45.35,20.8,435.4
1465,464.1,599.84,56.19,100.86,48.24,19.33,435.4
1466,465.02,599.35,56.19,100.86,48.24,19.33,435.4
1467,465.19,599.13,56.19,100.86,48.24,19.33,432.84000000000003
1468,596.85,689.91,56.19,100.86,48.24,19.33,432.84000000000003
1469,596.58,688.45,56.19,100.86,48.24,19.33,432.84000000000003
1470,732.0,769.28,56.19,100.86,48.24,19.33,448.25
1471,731.74,768.68,56.19,100.86,48.24,19.33,448.25
1472,732.13,770.27,56.19,100.86,48.24,19.33,448.25
1473,732.27,769.25,56.19,100.86,48.24,19.33,419.78999999999996
1474,731.77,768.55,56.19,100.86,48.24,19.33,419.78999999999996
1475,723.89,823.12,56.19,100.86,48.24,19.33,419.78999999999996
1476,995.6,844.46,56.19,100.86,48.24,19.33,425.26
1477,995.16,844.29,56.19,100.86,48.24,19.33,425.26
1478,995.96,844.81,56.19,100.86,48.24,19.33,425.26
1479,995.81,927.03,56.19,100.86,48.24,19.33,424.98
1480,855.03,865.75,56.19,100.86,48.24,19.33,424.98
1481,719.44,684.02,56.19,100.86,48.24,19.33,424.98
1482,719.51,702.12,56.19,100.86,48.24,19.33,427.91
1483,593.58,665.2,56.19,100.86,48.24,19.33,427.91
1484,592.7,664.93,56.19,100.86,48.24,19.33,427.91
1485,742.13,753.67,56.19,100.86,48.24,19.33,419.08000000000004
1486,741.6,752.95,56.19,100.86,48.24,19.33,419.08000000000004
1487,1012.63,869.41,56.19,100.86,48.24,19.33,419.08000000000004
1488,1011.89,867.0,56.19,100.86,48.24,19.33,418.63
1489,1345.47,965.18,53.05,99.8,46.85,22.37,418.63
1490,1385.93,975.98,53.05,99.8,46.85,22.37,418.63
1491,1385.45,976.32,53.05,99.8,46.85,22.37,436.48
1492,1385.15,976.17,53.05,99.8,46.85,22.37,436.48
1493,1385.19,976.26,53.05,99.8,46.85,22.37,436.48
1494,1022.17,871.48,53.05,99.8,46.85,22.37,432.98
1495,1021.41,870.25,53.05,99.8,46.85,22.37,432.98
1496,733.7,750.69,53.05,99.8,46.85,22.37,432.98
1497,734.91,751.51,53.05,99.8,46.85,22.37,429.75
1498,733.56,750.75,53.05,99.8,46.85,22.37,429.75
1499,734.2,751.03,53.05,99.8,46.85,22.37,429.75
1500,855.94,785.4,53.05,99.8,46.85,22.37,421.55
1501,855.15,785.81,53.05,99.8,46.85,22.37,421.55
1502,1007.44,891.03,53.05,99.8,46.85,22.37,421.55
1503,1007.29,891.16,53.05,99.8,46.85,22.37,416.85
1504,1006.73,890.57,53.05,99.8,46.85,22.37,416.85
1505,1007.44,892.17,53.05,99.8,46.85,22.37,416.85
1506,1007.45,892.11,53.05,99.8,46.85,22.37,393.96000000000004
1507,1006.65,891.21,53.05,99.8,46.85,22.37,393.96000000000004
1508,855.44,795.38,53.05,99.8,46.85,22.37,393.96000000000004
1509,855.68,800.12,53.05,99.8,46.85,22.37,401.11
1510,855.15,799.44,53.05,99.8,46.85,22.37,401.11
1511,574.69,698.2,53.05,99.8,46.85,22.37,401.11
1512,576.91,699.85,53.05,99.8,46.85,22.37,411.33000000000004
1513,577.43,700.39,56.29,107.26,43.17,20.45,411.33000000000004
1514,577.17,698.7,56.29,107.26,43.17,20.45,411.33000000000004
1515,577.41,698.81,56.29,107.26,43.17,20.45,405.93
1516,577.82,700.46,56.29,107.26,43.17,20.45,405.93
1517,577.93,700.81,56.29,107.26,43.17,20.45,405.93
1518,577.88,699.25,56.29,107.26,43.17,20.45,401.03
1519,578.2,699.48,56.29,107.26,43.17,20.45,401.03
1520,715.26,718.9,56.29,107.26,43.17,20.45,401.03
1521,714.79,719.0,56.29,107.26,43.17,20.45,411.25
1522,715.02,720.47,56.29,107.26,43.17,20.45,411.25
1523,452.89,686.78,56.29,107.26,43.17,20.45,411.25
1524,452.19,685.18,56.29,107.26,43.17,20.45,408.61
1525,452.98,686.86,56.29,107.26,43.17,20.45,408.61
1526,452.33,685.67,56.29,107.26,43.17,20.45,408.61
1527,453.07,685.83,56.29,107.26,43.17,20.45,427.75
1528,452.66,686.34,56.29,107.26,43.17,20.45,427.75
1529,452.04,685.45,56.29,107.26,43.17,20.45,427.75
1530,750.71,904.9,56.29,107.26,43.17,20.45,427.06
1531,749.77,903.81,56.29,107.26,43.17,20.45,427.06
1532,855.18,888.8,56.29,107.26,43.17,20.45,427.06
1533,1159.41,932.39,56.29,107.26,43.17,20.45,422.42
1534,1158.85,951.05,56.29,107.26,43.17,20.45,422.42
1535,1159.35,951.38,56.29,107.26,43.17,20.45,422.42
1536,1159.18,952.6,56.29,107.26,43.17,20.45,424.86
1537,1001.91,912.05,53.73,100.18,43.35,21.85,424.86
1538,848.55,877.63,53.73,100.18,43.35,21.85,424.86
1539,568.21,681.44,53.73,100.18,43.35,21.85,426.75
1540,568.1,681.14,53.73,100.18,43.35,21.85,426.75
1541,567.92,681.76,53.73,100.18,43.35,21.85,426.75
1542,567.62,680.62,53.73,100.18,43.35,21.85,429.46
1543,567.74,680.5,53.73,100.18,43.35,21.85,429.46
1544,567.92,670.02,53.73,100.18,43.35,21.85,429.46
1545,567.71,660.89,53.73,100.18,43.35,21.85,437.78
1546,567.53,661.13,53.73,100.18,43.35,21.85,437.78
1547,568.03,661.27,53.73,100.18,43.35,21.85,437.78
1548,568.68,660.5,53.73,100.18,43.35,21.85,435.2
1549,567.98,660.85,53.73,100.18,43.35,21.85,435.2
1550,568.06,660.75,53.73,100.18,43.35,21.85,435.2
1551,860.01,896.28,53.73,100.18,43.35,21.85,424.34000000000003
1552,859.6,896.16,53.73,100.18,43.35,21.85,424.34000000000003
1553,1372.28,969.06,53.73,100.18,43.35,21.85,424.34000000000003
1554,1371.9,969.59,53.73,100.18,43.35,21.85,422.59
1555,1372.75,969.59,53.73,100.18,43.35,21.85,422.59
1556,1372.72,969.98,53.73,100.18,43.35,21.85,422.59
1557,1372.6,970.07,53.73,100.18,43.35,21.85,417.90999999999997
1558,1373.9,970.37,53.73,100.18,43.35,21.85,417.90999999999997
1559,1373.02,970.23,53.73,100.18,43.35,21.85,417.90999999999997
1560,1373.22,969.78,53.73,100.18,43.35,21.85,425.72
1561,1156.38,938.96,55.11,106.46,45.83,20.26,425.72
1562,1157.77,936.06,55.11,106.46,45.83,20.26,425.72
1563,1157.23,935.49,55.11,106.46,45.83,20.26,415.59
1564,1157.59,935.15,55.11,106.46,45.83,20.26,415.59
1565,1156.76,934.14,55.11,106.46,45.83,20.26,415.59
1566,1157.62,935.29,55.11,106.46,45.83,20.26,420.72
1567,864.26,807.56,55.11,106.46,45.83,20.26,420.72
1568,750.06,704.8,55.11,106.46,45.83,20.26,420.72
1569,750.47,704.84,55.11,106.46,45.83,20.26,414.45
1570,750.59,642.97,55.11,106.46,45.83,20.26,414.45
1571,750.56,642.96,55.11,106.46,45.83,20.26,414.45
1572,749.88,642.91,55.11,106.46,45.83,20.26,424.85
1573,750.09,642.92,55.11,106.46,45.83,20.26,424.85
1574,750.17,642.92,55.11,106.46,45.83,20.26,424.85
1575,750.5,642.99,55.11,106.46,45.83,20.26,425.97
1576,749.91,642.43,55.11,106.46,45.83,20.26,425.97
1577,750.5,643.4,55.11,106.46,45.83,20.26,425.97
1578,567.77,616.61,55.11,106.46,45.83,20.26,417.41999999999996
1579,568.04,616.61,55.11,106.46,45.83,20.26,417.41999999999996
1580,437.4,535.26,55.11,106.46,45.83,20.26,417.41999999999996
1581,436.43,535.16,55.11,106.46,45.83,20.26,422.16999999999996
1582,605.63,690.12,55.11,106.46,45.83,20.26,422.16999999999996
1583,713.67,762.85,55.11,106.46,45.83,20.26,422.16999999999996
1584,,613.8,55.11,106.46,45.83,20.26,413.56000000000006
1585,734.85,794.78,54.94,95.64,48.97,20.34,413.56000000000006
1586,735.92,794.62,54.94,95.64,48.97,20.34,413.56000000000006
1587,1293.23,875.02,54.94,95.64,48.97,20.34,436.96
1588,1293.29,875.37,54.94,95.64,48.97,20.34,436.96
1589,1293.14,874.99,54.94,95.64,48.97,20.34,436.96
1590,1293.2,875.13,54.94,95.64,48.97,20.34,431.89
1591,1293.29,875.14,54.94,95.64,48.97,20.34,431.89
1592,1293.05,793.71,54.94,95.64,48.97,20.34,431.89
1593,1292.85,793.83,54.94,95.64,48.97,20.34,415.47
1594,860.28,724.83,54.94,95.64,48.97,20.34,415.47
1595,859.65,724.83,54.94,95.64,48.97,20.34,415.47
1596,859.98,725.01,54.94,95.64,48.97,20.34,421.93
1597,859.6,724.89,54.94,95.64,48.97,20.34,421.93
1598,860.33,725.18,54.94,95.64,48.97,20.34,421.93
1599,577.94,619.45,54.94,95.64,48.97,20.34,428.16
1600,577.17,619.35,54.94,95.64,48.97,20.34,428.16
1601,436.98,557.33,54.94,95.64,48.97,20.34,428.16
1602,437.31,557.29,54.94,95.64,48.97,20.34,425.35
1603,300.16,538.14,54.94,95.64,48.97,20.34,425.35
1604,442.2,557.84,54.94,95.64,48.97,20.34,425.35
1605,442.4,558.39,54.94,95.64,48.97,20.34,425.96999999999997
1606,584.06,744.43,54.94,95.64,48.97,20.34,425.96999999999997
1607,855.71,879.4,54.94,95.64,48.97,20.34,425.96999999999997
1608,855.12,877.99,54.94,95.64,48.97,20.34,420.71000000000004
1609,855.86,879.4,54.3,101.07,47.1,20.65,420.71000000000004
1610,855.65,879.67,54.3,101.07,47.1,20.65,420.71000000000004
1611,715.38,783.45,54.3,101.07,47.1,20.65,425.88
1612,715.2,782.74,54.3,101.07,47.1,20.65,425.88
1613,715.35,783.34,54.3,101.07,47.1,20.65,425.88
1614,715.38,782.65,54.3,101.07,47.1,20.65,419.75
1615,715.17,783.21,54.3,101.07,47.1,20.65,419.75
1616,583.12,682.5,54.3,101.07,47.1,20.65,419.75
1617,583.41,682.93,54.3,101.07,47.1,20.65,439.09999999999997
1618,583.62,682.54,54.3,101.07,47.1,20.65,439.09999999999997
1619,855.44,886.59,54.3,101.07,47.1,20.65,439.09999999999997
1620,855.3,886.65,54.3,101.07,47.1,20.65,436.77
1621,1216.89,938.56,54.3,101.07,47.1,20.65,436.77
1622,1217.01,938.51,54.3,101.07,47.1,20.65,436.77
1623,1216.28,938.62,54.3,101.07,47.1,20.65,409.61
1624,1216.54,938.54,54.3,101.07,47.1,20.65,409.61
1625,1217.37,939.96,54.3,101.07,47.1,20.65,409.61
1626,888.27,731.92,54.3,101.07,47.1,20.65,418.02
1627,887.94,731.97,54.3,101.07,47.1,20.65,418.02
1628,584.24,687.64,54.3,101.07,47.1,20.65,418.02
1629,584.36,688.09,54.3,101.07,47.1,20.65,430.15
1630,584.24,687.94,54.3,101.07,47.1,20.65,430.15
1631,583.89,688.11,54.3,101.07,47.1,20.65,430.15
1632,584.09,687.42,54.3,101.07,47.1,20.65,435.4
1633,583.62,687.48,53.98,89.87,51.14,20.67,435.4
1634,584.33,688.64,53.98,89.87,51.14,20.67,435.4
1635,583.38,688.58,53.98,89.87,51.14,20.67,429.72
1636,584.07,687.6,53.98,89.87,51.14,20.67,429.72
1637,584.03,688.0,53.98,89.87,51.14,20.67,429.72
1638,295.39,580.64,53.98,89.87,51.14,20.67,411.96
1639,295.77,581.18,53.98,89.87,51.14,20.67,411.96
1640,436.42,663.2,53.98,89.87,51.14,20.67,411.96
1641,437.1,664.58,53.98,89.87,51.14,20.67,419.91
1642,1018.55,813.94,53.98,89.87,51.14,20.67,419.91
1643,441.93,664.94,53.98,89.87,51.14,20.67,419.91
1644,441.85,664.76,53.98,89.87,51.14,20.67,421.32000000000005
1645,442.14,663.93,53.98,89.87,51.14,20.67,421.32000000000005
1646,442.44,665.43,53.98,89.87,51.14,20.67,421.32000000000005
1647,441.85,664.19,53.98,89.87,51.14,20.67,423.03000000000003
1648,453.02,653.74,53.98,89.87,51.14,20.67,423.03000000000003
1649,299.98,631.37,53.98,89.87,51.14,20.67,423.03000000000003
1650,299.75,631.67,53.98,89.87,51.14,20.67,420.95
1651,299.69,631.6,53.98,89.87,51.14,20.67,420.95
1652,299.9,562.75,53.98,89.87,51.14,20.67,420.95
1653,,623.64,53.98,89.87,51.14,20.67,437.3
1654,333.02,665.19,53.98,89.87,51.14,20.67,437.3
1655,333.89,665.46,52.95,88.09,52.89,21.59,437.3
1656,719.65,803.46,52.95,88.09,52.89,21.59,425.6
1657,855.85,886.76,52.95,88.09,52.89,21.59,425.6
1658,856.07,888.35,52.95,88.09,52.89,21.59,425.6
1659,578.32,763.2,52.95,88.09,52.89,21.59,423.62
1660,577.43,763.09,52.95,88.09,52.89,21.59,423.62
1661,577.94,763.36,52.95,88.09,52.89,21.59,423.62
1662,850.58,802.5,52.95,88.09,52.89,21.59,421.32000000000005
1663,850.41,802.63,52.95,88.09,52.89,21.59,421.32000000000005
1664,851.03,802.73,52.95,88.09,52.89,21.59,421.32000000000005
1665,850.67,802.9,52.95,88.09,52.89,21.59,435.81
1666,1007.24,908.27,52.95,88.09,52.89,21.59,435.81
1667,1007.77,909.28,52.95,88.09,52.89,21.59,435.81
1668,1007.39,908.74,52.95,88.09,52.89,21.59,467.74
1669,1007.59,909.06,52.95,88.09,52.89,21.59,467.74
1670,1006.89,908.3,52.95,88.09,52.89,21.59,467.74
1671,1007.06,908.2,52.95,88.09,52.89,21.59,459.70000000000005
1672,859.92,826.82,52.95,88.09,52.89,21.59,459.70000000000005
1673,859.6,826.46,52.95,88.09,52.89,21.59,459.70000000000005
1674,603.33,621.12,52.95,88.09,52.89,21.59,456.43999999999994
1675,602.72,621.29,52.95,88.09,52.89,21.59,456.43999999999994
1676,601.5,621.02,52.95,88.09,52.89,21.59,456.43999999999994
1677,602.36,621.01,52.95,88.09,52.89,21.59,464.07
1678,602.59,621.21,52.95,88.09,52.89,21.59,464.07
1679,602.22,620.96,56.13,103.83,46.67,20.35,464.07
1680,602.86,621.26,56.13,103.83,46.67,20.35,460.1
1681,603.1,621.3,56.13,103.83,46.67,20.35,460.1
1682,603.27,621.1,56.13,103.83,46.67,20.35,460.1
1683,871.09,713.91,56.13,103.83,46.67,20.35,453.19000000000005
1684,1033.73,833.75,56.13,103.83,46.67,20.35,453.19000000000005
1685,1033.34,843.45,56.13,103.83,46.67,20.35,453.19000000000005
1686,1032.87,843.22,56.13,103.83,46.67,20.35,446.43999999999994
1687,724.39,753.85,56.13,103.83,46.67,20.35,446.43999999999994
1688,573.31,664.84,56.13,103.83,46.67,20.35,446.43999999999994
1689,573.28,664.24,56.13,103.83,46.67,20.35,440.84000000000003
1690,437.13,582.41,56.13,103.83,46.67,20.35,440.84000000000003
1691,437.6,582.87,56.13,103.83,46.67,20.35,440.84000000000003
1692,437.57,582.86,56.13,103.83,46.67,20.35,439.84
1693,720.1,704.31,56.13,103.83,46.67,20.35,439.84
1694,719.71,704.58,56.13,103.83,46.67,20.35,439.84
1695,442.44,598.22,56.13,103.83,46.67,20.35,431.56999999999994
1696,442.05,598.2,56.13,103.83,46.67,20.35,431.56999999999994
1697,441.88,597.7,56.13,103.83,46.67,20.35,431.56999999999994
1698,289.32,481.74,56.13,103.83,46.67,20.35,431.12
1699,288.67,481.74,56.13,103.83,46.67,20.35,431.12
1700,288.35,481.51,56.13,103.83,46.67,20.35,431.12
1701,288.91,482.29,56.13,103.83,46.67,20.35,439.31
1702,719.59,727.37,56.13,103.83,46.67,20.35,439.31
1703,718.88,726.87,54.4,105.14,49.03,20.82,439.31
1704,719.48,726.94,54.4,105.14,49.03,20.82,440.84000000000003
1705,442.73,626.69,54.4,105.14,49.03,20.82,440.84000000000003
1706,443.64,626.95,54.4,105.14,49.03,20.82,440.84000000000003
1707,317.1,550.46,54.4,105.14,49.03,20.82,447.9
1708,317.34,550.62,54.4,105.14,49.03,20.82,447.9
1709,317.48,550.3,54.4,105.14,49.03,20.82,447.9
1710,316.75,550.92,54.4,105.14,49.03,20.82,450.64
1711,316.81,550.46,54.4,105.14,49.03,20.82,450.64
1712,579.71,715.59,54.4,105.14,49.03,20.82,450.64
1713,638.04,729.27,54.4,105.14,49.03,20.82,414.63
1714,638.79,710.35,54.4,105.14,49.03,20.82,414.63
1715,624.43,692.86,54.4,105.14,49.03,20.82,414.63
1716,624.16,720.7,54.4,105.14,49.03,20.82,448.26
1717,624.87,751.76,54.4,105.14,49.03,20.82,448.26
1718,624.52,751.62,54.4,105.14,49.03,20.82,448.26
1719,623.46,671.71,54.4,105.14,49.03,20.82,485.59000000000003
1720,437.71,540.7,54.4,105.14,49.03,20.82,485.59000000000003
1721,494.23,557.21,54.4,105.14,49.03,20.82,485.59000000000003
1722,495.47,557.68,54.4,105.14,49.03,20.82,440.34
1723,494.41,572.0,54.4,105.14,49.03,20.82,440.34
1724,495.03,571.61,54.4,105.14,49.03,20.82,440.34
